[
  {
    "sourceScientificName": "Niviventer coninga"
  },
  {
    "sourceScientificName": "Muntiacus reevesi micrurus"
  },
  {
    "sourceScientificName": " Prionailurus bengalensis"
  },
  {
    "sourceScientificName": "Paguma larvata"
  },
  {
    "sourceScientificName": "Prionailurus bengalensis"
  },
  {
    "sourceScientificName": "Canis lupus familiaris"
  },
  {
    "sourceScientificName": "Melogale moschata subaurantiaca"
  },
  {
    "sourceScientificName": "Rattus losea"
  },
  {
    "sourceScientificName": "Pipistrellus abramus"
  },
  {
    "sourceScientificName": "Callosciurus erythraeus"
  },
  {
    "sourceScientificName": "Melogale subaurantiaca"
  },
  {
    "sourceScientificName": "Sus scrofa"
  },
  {
    "sourceScientificName": "Manis pentadactyla"
  },
  {
    "sourceScientificName": "Viverricula indica"
  },
  {
    "sourceScientificName": "Macaca cyclopis"
  },
  {
    "sourceScientificName": "Felis catus"
  },
  {
    "sourceScientificName": "Capricornis swinhoei"
  },
  {
    "sourceScientificName": "Urva urva"
  },
  {
    "sourceScientificName": "Martes flavigula"
  },
  {
    "sourceScientificName": "Rusa unicolor"
  },
  {
    "sourceScientificName": "Lepus sinensis"
  },
  {
    "sourceScientificName": "Mustela sibirica;Mustela sibirica taivana"
  },
  {
    "sourceScientificName": "Petaurista lena"
  },
  {
    "sourceScientificName": "Petaurista grandis"
  },
  {
    "sourceScientificName": " "
  },
  {
    "sourceScientificName": "Mogera insularis"
  },
  {
    "sourceScientificName": "Bandicota indica"
  },
  {
    "sourceScientificName": "Crocidura tadae"
  },
  {
    "sourceScientificName": "Suncus murinus"
  },
  {
    "sourceScientificName": "Mus formosanus"
  },
  {
    "sourceScientificName": "Callosciurus erythraeus thaiwanensis"
  },
  {
    "sourceScientificName": "Cynopterus sphinx"
  },
  {
    "sourceScientificName": "Scotophilus kuhlii"
  },
  {
    "sourceScientificName": "Scotophilus"
  },
  {
    "sourceScientificName": "Nyctalus plancyi velutinus"
  },
  {
    "sourceScientificName": "Hypsugo pulveratus"
  },
  {
    "sourceScientificName": "Miniopterus fuliginosus"
  },
  {
    "sourceScientificName": "Tadarida insignis"
  },
  {
    "sourceScientificName": "Mus musculus"
  },
  {
    "sourceScientificName": "Rattus norvegicus"
  },
  {
    "sourceScientificName": "Rattus tanezumi"
  },
  {
    "sourceScientificName": "Lutra lutra chinensis"
  },
  {
    "sourceScientificName": "Crocidura tanakae"
  },
  {
    "sourceScientificName": "Hipposideros"
  },
  {
    "sourceScientificName": "Myotis formosus"
  },
  {
    "sourceScientificName": "Tamiops"
  },
  {
    "sourceScientificName": "Petaurista"
  },
  {
    "sourceScientificName": "Apodemus agrarius"
  },
  {
    "sourceScientificName": "Micromys minutus"
  },
  {
    "sourceScientificName": "Mus"
  },
  {
    "sourceScientificName": "Paguma larvata larvata"
  },
  {
    "sourceScientificName": "Crocidura"
  },
  {
    "sourceScientificName": "Anourosorex yamashinai"
  },
  {
    "sourceScientificName": "Episoriculus fumidus"
  },
  {
    "sourceScientificName": "Rhinolophus formosae"
  },
  {
    "sourceScientificName": "Rhinolophus monoceros"
  },
  {
    "sourceScientificName": "Barbastella"
  },
  {
    "sourceScientificName": "Harpiocephalus harpia"
  },
  {
    "sourceScientificName": "Submyotodon latirostris"
  },
  {
    "sourceScientificName": "Manis pentadactyla pentadactyla"
  },
  {
    "sourceScientificName": "Belomys pearsonii"
  },
  {
    "sourceScientificName": "Dremomys pernyi"
  },
  {
    "sourceScientificName": "Tamiops maritimus"
  },
  {
    "sourceScientificName": "Apodemus semotus"
  },
  {
    "sourceScientificName": "Eothenomys colurnus"
  },
  {
    "sourceScientificName": "Alexandromys kikuchii"
  },
  {
    "sourceScientificName": "Niviventer culturatus"
  },
  {
    "sourceScientificName": "Rattus rattus"
  },
  {
    "sourceScientificName": "Anourosorex"
  },
  {
    "sourceScientificName": "Martes flavigula chrysospila"
  },
  {
    "sourceScientificName": "Mustela sibirica taivana"
  },
  {
    "sourceScientificName": "Chimarrogale leander"
  },
  {
    "sourceScientificName": "Ursus thibetanus formosanus"
  },
  {
    "sourceScientificName": "Rhinolophus"
  },
  {
    "sourceScientificName": "Rusa unicolor swinhoii"
  },
  {
    "sourceScientificName": "Eptesicus pachyomus"
  },
  {
    "sourceScientificName": "Myotis fimbriatus taiwanensis"
  },
  {
    "sourceScientificName": "Plecotus taivanus"
  },
  {
    "sourceScientificName": "Vespertilio"
  },
  {
    "sourceScientificName": "Belomys"
  },
  {
    "sourceScientificName": "Dremomys pernyi owstoni"
  },
  {
    "sourceScientificName": "Alexandromys"
  },
  {
    "sourceScientificName": "Mustela sibirica"
  },
  {
    "sourceScientificName": "Felis"
  },
  {
    "sourceScientificName": "Capricornis"
  },
  {
    "sourceScientificName": "Sus scrofa taivanus"
  },
  {
    "sourceScientificName": "Eptesicus pachyomus horikawai"
  },
  {
    "sourceScientificName": "Kerivoula"
  },
  {
    "sourceScientificName": "Murina puta"
  },
  {
    "sourceScientificName": "Myotis"
  },
  {
    "sourceScientificName": "Nyctalus"
  },
  {
    "sourceScientificName": "Pipistrellus taiwanensis"
  },
  {
    "sourceScientificName": "Pipistrellus montanus"
  },
  {
    "sourceScientificName": "Tadarida"
  },
  {
    "sourceScientificName": "Lepus sinensis formosus"
  },
  {
    "sourceScientificName": "Urva urva formosana"
  },
  {
    "sourceScientificName": "Tamiops maritimus formosanus"
  },
  {
    "sourceScientificName": "Belomys pearsonii kaleensis"
  },
  {
    "sourceScientificName": "Myotis rufoniger"
  },
  {
    "sourceScientificName": "Viverricula indica pallida"
  },
  {
    "sourceScientificName": "Acervus epispartius (Berk. & Broome) Pfister  "
  },
  {
    "sourceScientificName": "Crocidura shantungensis"
  },
  {
    "sourceScientificName": "Lutra lutra"
  },
  {
    "sourceScientificName": "Herpestes urva formosanus"
  },
  {
    "sourceScientificName": "Soricidae"
  },
  {
    "sourceScientificName": "Eptesicus serotinus horikawai"
  },
  {
    "sourceScientificName": "Viverricula indica taivana"
  },
  {
    "sourceScientificName": "Hipposideros armiger terasensis"
  },
  {
    "sourceScientificName": "Mus caroli"
  },
  {
    "sourceScientificName": "Muridae"
  },
  {
    "sourceScientificName": "Mogera insularis insularis"
  },
  {
    "sourceScientificName": "Pipistrellus"
  },
  {
    "sourceScientificName": "Paguma larvata taivana"
  },
  {
    "sourceScientificName": "Chiroptera"
  },
  {
    "sourceScientificName": "Thainycteris torquatus"
  },
  {
    "sourceScientificName": "Paguma larvata taivana "
  },
  {
    "sourceScientificName": "Myotis secundus"
  },
  {
    "sourceScientificName": "Balaenoptera edeni brydei"
  },
  {
    "sourceScientificName": "Callosciurus erythraeus "
  },
  {
    "sourceScientificName": "Manis pentadactyla "
  },
  {
    "sourceScientificName": "Eothenomys melanogaster"
  },
  {
    "sourceScientificName": "Herpestes urva"
  },
  {
    "sourceScientificName": "Petaurista philippensis grandis"
  },
  {
    "sourceScientificName": "Petaurista alborufus lena"
  },
  {
    "sourceScientificName": "Macacus cyclopis"
  },
  {
    "sourceScientificName": "Homo sapiens"
  },
  {
    "sourceScientificName": "Macaca cyclopsis"
  },
  {
    "sourceScientificName": "Rusa unicolor swinhoei"
  },
  {
    "sourceScientificName": "Cervus nippon taiouanus"
  },
  {
    "sourceScientificName": "Myotis frater"
  },
  {
    "sourceScientificName": "Capricornis swinhoei "
  },
  {
    "sourceScientificName": "Muntiacus reevesi"
  },
  {
    "sourceScientificName": "Melogale moschata"
  },
  {
    "sourceScientificName": "Pteropus dasymallus formosus"
  },
  {
    "sourceScientificName": "Rattus exulans"
  },
  {
    "sourceScientificName": "Neophocaena phocaenoides"
  },
  {
    "sourceScientificName": "Myotis formosus flavus"
  },
  {
    "sourceScientificName": "Grampus griseus"
  },
  {
    "sourceScientificName": "Capra aegagrus hircus"
  },
  {
    "sourceScientificName": "Stenella attenuata"
  },
  {
    "sourceScientificName": "Megaptera novaeangliae"
  },
  {
    "sourceScientificName": "Crocidura shantungensis hosletti"
  },
  {
    "sourceScientificName": "Mustela nivalis formosana"
  },
  {
    "sourceScientificName": "Harpiola isodon"
  },
  {
    "sourceScientificName": "Murina recondita"
  },
  {
    "sourceScientificName": "Coelops frithii formosanus"
  },
  {
    "sourceScientificName": "Tamiops maritimus;Tamiops maritimus formosanus"
  },
  {
    "sourceScientificName": "Stenella longirostris"
  },
  {
    "sourceScientificName": "Feresa attenuata"
  },
  {
    "sourceScientificName": "Tursiops truncatus"
  },
  {
    "sourceScientificName": "Lagenodelphis hosei"
  },
  {
    "sourceScientificName": "Myotis pilosus"
  },
  {
    "sourceScientificName": "Steno bredanensis"
  },
  {
    "sourceScientificName": "Hipposideros armiger"
  },
  {
    "sourceScientificName": "Miniopterus fuliginosus (Hodgson, 1835)"
  },
  {
    "sourceScientificName": "Mesoplodon densirostris"
  },
  {
    "sourceScientificName": "Tursiops aduncus"
  },
  {
    "sourceScientificName": "Anourosorex squamipes yamashinai"
  },
  {
    "sourceScientificName": "Harpiola grisea isodon"
  },
  {
    "sourceScientificName": "Crocidura attenuata tanakae"
  },
  {
    "sourceScientificName": "Miniopterus schreibersii fuliginosus"
  },
  {
    "sourceScientificName": "Mogera kanoana"
  },
  {
    "sourceScientificName": "Kerivoula furva"
  },
  {
    "sourceScientificName": "Crocidura rapax kurodai"
  },
  {
    "sourceScientificName": "Mustela sibirica davidiana"
  },
  {
    "sourceScientificName": "Lepus sinensis formosanus"
  },
  {
    "sourceScientificName": "Microtus kikuchii"
  },
  {
    "sourceScientificName": "Crocidura rapax"
  },
  {
    "sourceScientificName": "Tamiops swinhoei formosanus"
  },
  {
    "sourceScientificName": "Murina bicolor"
  },
  {
    "sourceScientificName": "Myotis laniger"
  },
  {
    "sourceScientificName": "Bubalus bubalis"
  },
  {
    "sourceScientificName": "Kogia breviceps"
  },
  {
    "sourceScientificName": "Kogia sima"
  },
  {
    "sourceScientificName": "Mustela formosanus"
  },
  {
    "sourceScientificName": "Myotis soror"
  },
  {
    "sourceScientificName": "Murina gracilis"
  },
  {
    "sourceScientificName": "Ziphius cavirostris"
  },
  {
    "sourceScientificName": "Peponocephala electra"
  },
  {
    "sourceScientificName": "Kerivoula titania"
  },
  {
    "sourceScientificName": "Belomys pearsonii;Belomys pearsonii kaleensis"
  },
  {
    "sourceScientificName": "Chodsigoa sodalis"
  },
  {
    "sourceScientificName": "Ursus thibetanus;Ursus thibetanus formosanus"
  },
  {
    "sourceScientificName": "Mustela nivalis"
  },
  {
    "sourceScientificName": "Barbastella darjelingensis"
  },
  {
    "sourceScientificName": "Stenella coeruleoalba"
  },
  {
    "sourceScientificName": "Globicephala macrorhynchus"
  },
  {
    "sourceScientificName": "Eptesicus pachyomus;Eptesicus pachyomus horikawai"
  },
  {
    "sourceScientificName": "Coelops frithii;Coelops frithii formosanus"
  },
  {
    "sourceScientificName": "Nyctalus plancyi;Nyctalus plancyi velutinus"
  },
  {
    "sourceScientificName": "Pseudorca crassidens"
  },
  {
    "sourceScientificName": "Callosciurus erythraeus thaiwanensis (Bonhote, 1901)"
  },
  {
    "sourceScientificName": "Muntiacus reevesi micrurus (Sclater, 1875)"
  },
  {
    "sourceScientificName": "Macaca cyclopis (Swinhoe, 1862)"
  },
  {
    "sourceScientificName": "Rattus norvegicus (Berkenhout, 1769)"
  },
  {
    "sourceScientificName": "Felis catus Linnaeus, 1758"
  },
  {
    "sourceScientificName": "Callosciurus erythraeus (Pallas, 1779)"
  },
  {
    "sourceScientificName": "Paguma larvata taivana Swinhoe, 1862"
  },
  {
    "sourceScientificName": "Urva urva (Hodgson, 1836)"
  },
  {
    "sourceScientificName": "Capra aegagrus hircus Linnaeus, 1758"
  },
  {
    "sourceScientificName": "Martes flavigula chrysospila Swinhoe, 1866"
  },
  {
    "sourceScientificName": "Lepus sinensis formosus Thomas, 1908"
  },
  {
    "sourceScientificName": "Muntiacus reevesi (Ogilby, 1839)"
  },
  {
    "sourceScientificName": "Paguma larvata (Smith, 1827)"
  },
  {
    "sourceScientificName": "Rusa unicolor swinhoii (Sclater, 1862)"
  },
  {
    "sourceScientificName": "Martes flavigula (Boddaert, 1785)"
  },
  {
    "sourceScientificName": "Melogale"
  },
  {
    "sourceScientificName": "Petaurista Link, 1795"
  },
  {
    "sourceScientificName": "Physeter macrocephalus Linnaeus, 1758"
  },
  {
    "sourceScientificName": "Mogera insularis insularis (Swinhoe, 1863)"
  },
  {
    "sourceScientificName": "Manis pentadactyla Linnaeus, 1758"
  },
  {
    "sourceScientificName": "Petaurista lena Thomas, 1907"
  },
  {
    "sourceScientificName": "Manis pentadactyla pentadactyla Linnaeus, 1758"
  },
  {
    "sourceScientificName": "Stenella longirostris (Gray, 1828)"
  },
  {
    "sourceScientificName": "Pipistrellus abramus (Temminck, 1835)"
  },
  {
    "sourceScientificName": "Rhinolophus monoceros K. Andersen, 1905"
  },
  {
    "sourceScientificName": "Tamiops maritimus (Bonhote, 1900)"
  },
  {
    "sourceScientificName": "Rusa unicolor (Kerr, 1792)"
  },
  {
    "sourceScientificName": "Suncus murinus (Linnaeus, 1766)"
  },
  {
    "sourceScientificName": "Dremomys pernyi (Milne-Edwards, 1867)"
  },
  {
    "sourceScientificName": "Viverricula indica pallida (Gray, 1831)"
  },
  {
    "sourceScientificName": "Rattus tanezumi Temminck, 1844"
  },
  {
    "sourceScientificName": "Mustela sibirica Pallas, 1773"
  },
  {
    "sourceScientificName": "Myotis formosus flavus Shamel, 1944"
  },
  {
    "sourceScientificName": "Eptesicus pachyomus horikawai Kishida, 1924"
  },
  {
    "sourceScientificName": "Pseudorca crassidens (Owen, 1846)"
  },
  {
    "sourceScientificName": "Orcinus orca Linnaeus, 1758"
  },
  {
    "sourceScientificName": "Lepus sinensis Gray, 1832"
  },
  {
    "sourceScientificName": "Mustela sibirica davidiana (Milne-Edwards)"
  },
  {
    "sourceScientificName": "Micromys minutus (Pallas, 1771)"
  },
  {
    "sourceScientificName": "Bandicota indica (Bechstein, 1800)"
  },
  {
    "sourceScientificName": "Cervus nippon Temminck, 1838"
  },
  {
    "sourceScientificName": "Stenella attenuata (Gray, 1846)"
  },
  {
    "sourceScientificName": "Tursiops truncatus (Montagu, 1821)"
  },
  {
    "sourceScientificName": "Mogera insularis (Swinhoe, 1863)"
  },
  {
    "sourceScientificName": "Sus scrofa Linnaeus, 1758"
  },
  {
    "sourceScientificName": "Ziphius cavirostris Cuvier, 1823"
  },
  {
    "sourceScientificName": "Cervus nippon taiouanus Blyth, 1860"
  },
  {
    "sourceScientificName": "Viverricula indica (Geoffroy Saint-Hilaire, 1803)"
  },
  {
    "sourceScientificName": "Grampus griseus (Cuvier, 1812)"
  },
  {
    "sourceScientificName": "Murina puta Kishida, 1924"
  },
  {
    "sourceScientificName": "Tamiops maritimus formosanus (Bonhote, 1900)"
  },
  {
    "sourceScientificName": "Rattus losea (Swinhoe, 1871)"
  },
  {
    "sourceScientificName": "Sus scrofa taivanus (Swinhoe, 1863)"
  },
  {
    "sourceScientificName": "Feresa attenuata Gray, 1874"
  },
  {
    "sourceScientificName": "Sousa chinensis taiwanensis Osbeck"
  },
  {
    "sourceScientificName": "Pteropus dasymallus formosus Gould, 1873"
  },
  {
    "sourceScientificName": "Scotophilus kuhlii Leach, 1821"
  },
  {
    "sourceScientificName": "Belomys pearsonii kaleensis (Swinhoe, 1863)"
  },
  {
    "sourceScientificName": "Delphinus delphis Linnaeus, 1758"
  },
  {
    "sourceScientificName": "Dremomys pernyi owstoni (Thomas, 1908)"
  },
  {
    "sourceScientificName": "Sousa chinensis/Sousa chinensis taiwanensis"
  },
  {
    "sourceScientificName": "Tursiops aduncus/ Tursiops truncatus"
  },
  {
    "sourceScientificName": "未知"
  },
  {
    "sourceScientificName": "Sousa chinensis"
  },
  {
    "sourceScientificName": "Neophocaena asiaeorientalis/phocaenoides"
  },
  {
    "sourceScientificName": "Stenella sp. 1"
  },
  {
    "sourceScientificName": "Delphinus delphis"
  },
  {
    "sourceScientificName": "Delphinidae sp. 1"
  },
  {
    "sourceScientificName": "Delphinidae sp. 2"
  },
  {
    "sourceScientificName": "Balaenoptera omurai"
  },
  {
    "sourceScientificName": "Delphinus capensis"
  },
  {
    "sourceScientificName": "Orcinus cf. orca"
  },
  {
    "sourceScientificName": "Physeter macrocephalus"
  },
  {
    "sourceScientificName": "Mesoplodon ginkgodens"
  },
  {
    "sourceScientificName": "Niviventer"
  },
  {
    "sourceScientificName": "Prionailurus bengalensis euptilurus"
  },
  {
    "sourceScientificName": "Sciuridae"
  },
  {
    "sourceScientificName": "Peponocephala electra (Gray, 1846)"
  },
  {
    "sourceScientificName": "Rusa"
  },
  {
    "sourceScientificName": "Cervidae"
  },
  {
    "sourceScientificName": "Bovidae Gray, 1821"
  },
  {
    "sourceScientificName": "Bubalus"
  },
  {
    "sourceScientificName": "Mammalia Linnaeus, 1758"
  },
  {
    "sourceScientificName": "Cetacea Brisson, 1762"
  },
  {
    "sourceScientificName": "Placentalia"
  },
  {
    "sourceScientificName": "Globicephala macrorhynchus Gray, 1846"
  },
  {
    "sourceScientificName": "Muntiacus Rafinesque, 1815"
  },
  {
    "sourceScientificName": "Carnivora"
  },
  {
    "sourceScientificName": "Macaca Lacépède, 1799"
  },
  {
    "sourceScientificName": "Panthera Oken, 1816"
  },
  {
    "sourceScientificName": "Neofelis Gray, 1867"
  },
  {
    "sourceScientificName": "Prionailurus"
  },
  {
    "sourceScientificName": "Pseudosoriculus fumidus"
  },
  {
    "sourceScientificName": "Apodemus semotus Thomas, 1908"
  },
  {
    "sourceScientificName": "Anourosorex yamashinai Kuroda, 1935"
  },
  {
    "sourceScientificName": "Niviventer coxingi (Swinhoe, 1864)"
  },
  {
    "sourceScientificName": "Niviventer culturatus (Thomas, 1917)"
  },
  {
    "sourceScientificName": "Microtus kikuchii Kuroda, 1920"
  },
  {
    "sourceScientificName": "Eothenomys melanogaster (Milne-Edwards, 1871)"
  },
  {
    "sourceScientificName": "Mus caroli Bonhote, 1902"
  },
  {
    "sourceScientificName": "Rattus rattus (Linnaeus, 1758)"
  },
  {
    "sourceScientificName": "Soriculus fumidus Thomas, 1913"
  },
  {
    "sourceScientificName": "Crocidura kurodai Jameson & Jones, 1977"
  },
  {
    "sourceScientificName": "Mus musculus Linnaeus, 1758"
  },
  {
    "sourceScientificName": "Melogale moschata (Gray, 1831)"
  },
  {
    "sourceScientificName": "Murina Gray, 1842"
  },
  {
    "sourceScientificName": "Petaurista alborufus lena Thomas, 1907"
  },
  {
    "sourceScientificName": "Crocidura attenuata Milne-Edwards, 1872"
  },
  {
    "sourceScientificName": "Petaurista petaurista"
  },
  {
    "sourceScientificName": "Soriculus sodalis (Thomas, 1913)"
  },
  {
    "sourceScientificName": "Chimarrogale himalayica (Gray, 1842)"
  },
  {
    "sourceScientificName": "Pteropus dasymallus Temminck, 1825"
  },
  {
    "sourceScientificName": "Niviventer confucianus"
  },
  {
    "sourceScientificName": "Hipposideros armiger (Hodgson, 1835)"
  },
  {
    "sourceScientificName": "Apodemus agrarius (Pallas, 1771)"
  },
  {
    "sourceScientificName": "Hipposideros armiger terasensis Kishida, 1924"
  },
  {
    "sourceScientificName": "Crocidura shantungensis Miller, 1901"
  },
  {
    "sourceScientificName": "Crocidura attenuata tanakae Kuroda, 1938"
  },
  {
    "sourceScientificName": "Lagenodelphis hosei Fraser, 1956"
  },
  {
    "sourceScientificName": "Kogia sima (Owen, 1866)"
  },
  {
    "sourceScientificName": "Mesoplodon ginkgodens Nishiwaki & Kamiya, 1958"
  },
  {
    "sourceScientificName": "Megaptera novaeangliae (Borowski, 1781)"
  },
  {
    "sourceScientificName": "Hyperoodontidae Gray, 1846"
  },
  {
    "sourceScientificName": "Kogia Gray, 1846"
  },
  {
    "sourceScientificName": "Balaenoptera omurai Wada, Oishi & Yamada, 2003"
  },
  {
    "sourceScientificName": "Kogia breviceps Blainville, 1838"
  },
  {
    "sourceScientificName": "Balaenoptera edeni Anderson, 1879"
  },
  {
    "sourceScientificName": "Steno bredanensis (Cuvier, 1828)"
  },
  {
    "sourceScientificName": "Melogale moschata subaurantiaca (Swinhoe, 1862)"
  },
  {
    "sourceScientificName": "Canis lupus familiaris Linnaeus, 1758"
  },
  {
    "sourceScientificName": "Petaurista philippensis grandis (Swinhoe, 1863)"
  },
  {
    "sourceScientificName": "Viverricula indica taivana Schwarz, 1911"
  },
  {
    "sourceScientificName": "Capricornis swinhoei Gray, 1862"
  },
  {
    "sourceScientificName": "Herpestes urva formosanus Bechthold, 1936"
  },
  {
    "sourceScientificName": "Hipposideros Gray, 1831"
  },
  {
    "sourceScientificName": "Rhinolophus luctus Temminck, 1834"
  },
  {
    "sourceScientificName": "Rhinolophus Lacépède, 1799"
  },
  {
    "sourceScientificName": "Kerivoula Gray, 1842"
  },
  {
    "sourceScientificName": "Pipistrellus Kaup, 1829"
  },
  {
    "sourceScientificName": "Myotis frater Allen, 1923"
  },
  {
    "sourceScientificName": "Myotis Kaup, 1829"
  },
  {
    "sourceScientificName": "Myotis muricola latirostris Kishida, 1932"
  },
  {
    "sourceScientificName": "Myotis formosus (Hodgson, 1835)"
  },
  {
    "sourceScientificName": "Eptesicus pachyomus (Tomes, 1857)"
  },
  {
    "sourceScientificName": "Eothenomys Miller, 1896"
  },
  {
    "sourceScientificName": "Miniopterus Bonaparte, 1837"
  },
  {
    "sourceScientificName": "Rattus Fischer, 1803"
  },
  {
    "sourceScientificName": "Tamiops swinhoei"
  },
  {
    "sourceScientificName": "Anourosorex Milne-Edwards, 1872"
  },
  {
    "sourceScientificName": "Talpidae"
  },
  {
    "sourceScientificName": "Niviventer coninga (Swinhoe, 1864)"
  },
  {
    "sourceScientificName": "Petaurista alborufus (Milne-Edwards, 1870)"
  },
  {
    "sourceScientificName": "Cervus Linnaeus, 1758"
  },
  {
    "sourceScientificName": "Eschrichtius Gray, 1864"
  },
  {
    "sourceScientificName": "Balaenopteridae Gray, 1864"
  },
  {
    "sourceScientificName": "Delphinidae Gray, 1821"
  },
  {
    "sourceScientificName": "Dugong dugon (Müller, 1776)"
  },
  {
    "sourceScientificName": "Neophocaena phocaenoides (Cuvier, 1829)"
  },
  {
    "sourceScientificName": "Sus Linnaeus, 1758"
  },
  {
    "sourceScientificName": "Felis Linnaeus, 1758"
  },
  {
    "sourceScientificName": "Pseudorca Reinhardt, 1862"
  },
  {
    "sourceScientificName": "Balaenoptera taiwanica Huang, 1965"
  },
  {
    "sourceScientificName": "Eptesicus serotinus horikawai Kishida, 1924"
  },
  {
    "sourceScientificName": "Cervus unicolor swinhoei (Sclater)"
  },
  {
    "sourceScientificName": "Miniopterus schreibersii fuliginosus (Hodgson, 1835)"
  },
  {
    "sourceScientificName": "Coelops frithii Blyth, 1848"
  },
  {
    "sourceScientificName": "Rhinolophus formosae Sanborn, 1939"
  },
  {
    "sourceScientificName": "Rodentia Bowdich, 1821"
  },
  {
    "sourceScientificName": "Vespertilio sinensis Peters, 1880"
  },
  {
    "sourceScientificName": "Pseudosoriculus Abramov, Bannikova, Chernetskaya, Lebedev & Rozhnov, 2017"
  },
  {
    "sourceScientificName": "Crocidura tanakae Kuroda, 1938"
  },
  {
    "sourceScientificName": "Petaurista philippensis (Elliot, 1839)"
  },
  {
    "sourceScientificName": "Myotis adversus taiwanensis Wilson & Reeder, 2005"
  },
  {
    "sourceScientificName": "Herpestes urva (Hodgson, 1836)"
  },
  {
    "sourceScientificName": "Anourosorex squamipes yamashinai Kuroda"
  },
  {
    "sourceScientificName": "Coelops frithii formosanus Horikawa, 1928"
  },
  {
    "sourceScientificName": "Tamiops maritimus maritimus (Bonhote, 1900)"
  },
  {
    "sourceScientificName": "Episoriculus fumidus (Thomas, 1913)"
  },
  {
    "sourceScientificName": "Ursus thibetanus formosanus Swinhoe, 1864"
  },
  {
    "sourceScientificName": "Balaenoptera physalus Linnaeus, 1758"
  },
  {
    "sourceScientificName": "Chodsigoa sodalis Thomas, 1913"
  },
  {
    "sourceScientificName": "Apodemus Kaup, 1829"
  },
  {
    "sourceScientificName": "Balaenoptera acutorostrata Lacépède, 1804"
  },
  {
    "sourceScientificName": "Prionailurus bengalensis (Kerr, 1792)"
  },
  {
    "sourceScientificName": "Mesoplodon densirostris Blainville, 1817"
  },
  {
    "sourceScientificName": "Crocidura rapax kurodai Jameson & Jones, 1977"
  },
  {
    "sourceScientificName": "Submyotodon latirostris (Kishida, 1932)"
  },
  {
    "sourceScientificName": "Plecotus taivanus Yoshiyuki, 1991"
  },
  {
    "sourceScientificName": "Harpiola isodon Kuo, Fang, Csorba & Lee, 2006"
  },
  {
    "sourceScientificName": "Barbastella darjelingensis (Dobson, 1975)"
  },
  {
    "sourceScientificName": "Murina recondita Kuo, Fang, Csorba & Lee, 2009"
  },
  {
    "sourceScientificName": "Myotis laniger (Peters, 1870)"
  },
  {
    "sourceScientificName": "Murina gracilis Kuo, Fang, Csorba & Lee, 2009"
  },
  {
    "sourceScientificName": "Myotis secundus Ruedi, M., Csorba, G., Lin, L.-K. & Chou, C.-H., 2015"
  },
  {
    "sourceScientificName": "Kerivoula furva Kuo, Soisook, Ho, Csorba, Wang, & Rossiter 2017"
  },
  {
    "sourceScientificName": "Stenella Gray, 1866"
  },
  {
    "sourceScientificName": "Talpa insularis Swinhoe, 1863"
  },
  {
    "sourceScientificName": "Muridae Illiger, 1811"
  },
  {
    "sourceScientificName": "Barbastella Gray, 1821"
  },
  {
    "sourceScientificName": "Myotis rufoniger Kishida, 1924"
  },
  {
    "sourceScientificName": "Myotis fimbriatus (Peters, 1871)"
  },
  {
    "sourceScientificName": "Myotis flavus Shamel, 1944"
  },
  {
    "sourceScientificName": "Mustela nivalis Linnaeus, 1766"
  },
  {
    "sourceScientificName": "Indopacetus pacificus (Longman, 1926)"
  },
  {
    "sourceScientificName": "Hipposideros terasensis Kisida, 1924"
  },
  {
    "sourceScientificName": "Mustela sibirica taivana Thomas, 1913"
  },
  {
    "sourceScientificName": "Myotis soror Ruedi, M., Csorba, G., Lin, L.-K. & Chou, C.-H., 2015"
  },
  {
    "sourceScientificName": "Tadarida insignis (Rafinesque, 1814)"
  },
  {
    "sourceScientificName": "Canis Linnaeus, 1758"
  },
  {
    "sourceScientificName": "Proboscidea Illiger, 1811"
  },
  {
    "sourceScientificName": "Lutra lutra (Linnaeus, 1758)"
  },
  {
    "sourceScientificName": "Myotis rufoniger watasei Cheng et al., 2010"
  },
  {
    "sourceScientificName": "Myotis fimbriatus taiwanensis Ärnbäck-Christie-Linde, 1908"
  },
  {
    "sourceScientificName": "Neofelis nebulosa (Griffith, 1821)"
  },
  {
    "sourceScientificName": "Felis bengalensis Kerr, 1792"
  },
  {
    "sourceScientificName": "Naemorhedus swinhoei (Gray, 1862)"
  },
  {
    "sourceScientificName": "Belomys pearsonii (Gray, 1842)"
  },
  {
    "sourceScientificName": "Bubalus bubalis Linnaeus, 1758"
  },
  {
    "sourceScientificName": "Sciuridae Fischer, 1817"
  },
  {
    "sourceScientificName": "Rattus culturatus Thomas, 1917"
  },
  {
    "sourceScientificName": "Ursidae"
  },
  {
    "sourceScientificName": "Soricidae Fischer, 1817"
  },
  {
    "sourceScientificName": "Theria Parker & Haswell, 1897"
  },
  {
    "sourceScientificName": "Crocidura shantungensis hosletti Jameson & Jones, 1977"
  },
  {
    "sourceScientificName": "Stenella coeruleoalba (Meyen, 1833)"
  },
  {
    "sourceScientificName": "Panthera pardus (Linnaeus, 1758)"
  },
  {
    "sourceScientificName": "Canis lupus Linnaeus, 1758"
  },
  {
    "sourceScientificName": "Sousa chinensis (Osbeck, 1765)"
  },
  {
    "sourceScientificName": "Mustela nivalis formosana Lin, Motokawa & Harada, 2010"
  },
  {
    "sourceScientificName": "Nyctalus plancyi (Gerbe, 1880)"
  },
  {
    "sourceScientificName": "Vespertilionidae Gray, 1821"
  },
  {
    "sourceScientificName": "Murina bicolor Kuo, Fang, Csorba & Lee, 2009"
  },
  {
    "sourceScientificName": "Melogale subaurantiaca (Swinhoe, 1862)"
  },
  {
    "sourceScientificName": "Urva urva formosana (Bechthold, 1936)"
  },
  {
    "sourceScientificName": "Petaurista grandis (Swinhoe, 1863)"
  },
  {
    "sourceScientificName": "Tursiops Gervais, 1855"
  },
  {
    "sourceScientificName": "Delphinus capensis Gray, 1828"
  },
  {
    "sourceScientificName": "Delphinus Linnaeus, 1758"
  },
  {
    "sourceScientificName": "Mustelidae Fischer, 1817"
  },
  {
    "sourceScientificName": "Tamiops macclellandi formosanus (Bonhote, 1900)"
  },
  {
    "sourceScientificName": "Paguma larvata larvata (Smith, 1827)"
  },
  {
    "sourceScientificName": "Mus formosanus Kuroda, 1925"
  },
  {
    "sourceScientificName": "Myotis formosus watasei Simmons 2005"
  },
  {
    "sourceScientificName": "Homo Linnaeus, 1758"
  },
  {
    "sourceScientificName": "Manis Linnaeus, 1758"
  },
  {
    "sourceScientificName": "Nyctalus plancyi velutinus Allen, 1923"
  },
  {
    "sourceScientificName": "Alexandromys kikuchii (Kuroda, 1920)"
  },
  {
    "sourceScientificName": "Mogera kanoana Kawada, Shinohara, Kobayashi, Harada, Oda & Lin, 2007"
  },
  {
    "sourceScientificName": "Lutra lutra chinensis Gray, 1837"
  },
  {
    "sourceScientificName": "Mus Linnaeus, 1758"
  },
  {
    "sourceScientificName": "Macacus cyclopis Swinhoe, 1862"
  },
  {
    "sourceScientificName": "Pholidota Weber, 1904"
  },
  {
    "sourceScientificName": "Tursiops spp."
  },
  {
    "sourceScientificName": "Unknown"
  },
  {
    "sourceScientificName": "Common dolphin (Delphinus spp.)"
  },
  {
    "sourceScientificName": "Kogia spp."
  },
  {
    "sourceScientificName": "Ziphiidae"
  },
  {
    "sourceScientificName": "Crocidura rapax tadae Tokuda & Kano, 1936"
  },
  {
    "sourceScientificName": "Rodentia"
  },
  {
    "sourceScientificName": "Barbastella leucomelas"
  },
  {
    "sourceScientificName": "Pipistrellus taiwanensi"
  },
  {
    "sourceScientificName": "Balaenoptera acutorostrata"
  },
  {
    "sourceScientificName": "Vespertilionidae"
  },
  {
    "sourceScientificName": "Tursiops"
  },
  {
    "sourceScientificName": "Delphinus"
  },
  {
    "sourceScientificName": "Petaurista philippensis"
  },
  {
    "sourceScientificName": "Felidae"
  },
  {
    "sourceScientificName": "Mammalia"
  },
  {
    "sourceScientificName": "Hypsugo pulveratus (Peters, 1870)"
  },
  {
    "sourceScientificName": "Rattus"
  },
  {
    "sourceScientificName": "Macaca"
  },
  {
    "sourceScientificName": "Mogera"
  },
  {
    "sourceScientificName": "Leporidae"
  },
  {
    "sourceScientificName": "Cricetidae"
  },
  {
    "sourceScientificName": "Murina"
  },
  {
    "sourceScientificName": "Crocidura rapax lutaoensis Fang & Lee, 2002"
  },
  {
    "sourceScientificName": "Thainycteris torquatus (Csorba & Lee, 1999)"
  },
  {
    "sourceScientificName": "Tursiops aduncus (Ehrenberg, 1833)"
  },
  {
    "sourceScientificName": "Harpiocephalus harpia (Temminck, 1840)"
  },
  {
    "sourceScientificName": "Balaenoptera musculus (Linnaeus,1758)"
  },
  {
    "sourceScientificName": "Myotis pilosus (Peters, 1869)"
  },
  {
    "sourceScientificName": "Soricomorpha"
  },
  {
    "sourceScientificName": "Artiodactyla"
  },
  {
    "sourceScientificName": "Eptesicus"
  },
  {
    "sourceScientificName": "Chodsigoa"
  },
  {
    "sourceScientificName": "Hipposideridae"
  },
  {
    "sourceScientificName": "Cetacea"
  },
  {
    "sourceScientificName": "Myotis fimbriatus"
  },
  {
    "sourceScientificName": "Delphinidae"
  },
  {
    "sourceScientificName": "Scotophilus Leach, 1821"
  },
  {
    "sourceScientificName": "Dremomys Heude, 1898"
  },
  {
    "sourceScientificName": "Crocidura horsfieldi (Tomes, 1856)"
  },
  {
    "sourceScientificName": "Callosciurus Gray, 1867"
  },
  {
    "sourceScientificName": "Mustela Linnaeus, 1758"
  },
  {
    "sourceScientificName": "Callosciurus erythraeus "
  },
  {
    "sourceScientificName": "Suidae"
  },
  {
    "sourceScientificName": "Cervus nippon;Cervus nippon taiouanus"
  },
  {
    "sourceScientificName": "Bovidae"
  },
  {
    "sourceScientificName": "Cervus nippon"
  },
  {
    "sourceScientificName": "Muntiacus reevesi "
  },
  {
    "sourceScientificName": "Tamiops maritimus maritimus"
  },
  {
    "sourceScientificName": "Neofelis nebulosa"
  },
  {
    "sourceScientificName": "Coelops"
  },
  {
    "sourceScientificName": "Neophocaena phocaenoides "
  },
  {
    "sourceScientificName": "Ursus thibetanus"
  },
  {
    "sourceScientificName": "Nyctalus plancyi"
  },
  {
    "sourceScientificName": "Mustela"
  },
  {
    "sourceScientificName": "Rousettus leschenaultii"
  },
  {
    "sourceScientificName": "Miniopterus"
  },
  {
    "sourceScientificName": "Chiroptera Blumenbach, 1779"
  },
  {
    "sourceScientificName": "Nyctalus noctula (Schreber, 1774)"
  }
]