[
  {
    "sourceScientificName": "Sphenomorphus indicus"
  },
  {
    "sourceScientificName": "Gekko hokouensis"
  },
  {
    "sourceScientificName": "Lycodon rufozonatus"
  },
  {
    "sourceScientificName": "Diploderma swinhonis"
  },
  {
    "sourceScientificName": "Hemidactylus frenatus"
  },
  {
    "sourceScientificName": "Elaphe carinata"
  },
  {
    "sourceScientificName": "Chamaele decumbens (Thunb.) Makino"
  },
  {
    "sourceScientificName": "Trimeresurus stejnegeri"
  },
  {
    "sourceScientificName": "Naja atra"
  },
  {
    "sourceScientificName": "Hemidactylus bowringii"
  },
  {
    "sourceScientificName": "Takydromus septentrionalis"
  },
  {
    "sourceScientificName": "Takydromus stejnegeri"
  },
  {
    "sourceScientificName": "Takydromus formosanus"
  },
  {
    "sourceScientificName": "Ateuchosaurus chinensis"
  },
  {
    "sourceScientificName": " "
  },
  {
    "sourceScientificName": "Plestiodon elegans"
  },
  {
    "sourceScientificName": "Indotyphlops braminus"
  },
  {
    "sourceScientificName": "Oligodon formosanus"
  },
  {
    "sourceScientificName": "Fowlea flavipunctatus"
  },
  {
    "sourceScientificName": "Elaphe taeniura friesi"
  },
  {
    "sourceScientificName": "Myrrophis chinensis"
  },
  {
    "sourceScientificName": "Hypsiscopus wettsteini"
  },
  {
    "sourceScientificName": "Amphiesma stolatum"
  },
  {
    "sourceScientificName": "Sibynophis chinensis"
  },
  {
    "sourceScientificName": "Bungarus multicinctus"
  },
  {
    "sourceScientificName": "Mauremys reevesii"
  },
  {
    "sourceScientificName": "Mauremys sinensis"
  },
  {
    "sourceScientificName": "Trachemys scripta elegans"
  },
  {
    "sourceScientificName": "Pelodiscus sinensis"
  },
  {
    "sourceScientificName": "Hemidactylus stejnegeri"
  },
  {
    "sourceScientificName": "Diploderma polygonatum xanthostomum"
  },
  {
    "sourceScientificName": "Takydromus"
  },
  {
    "sourceScientificName": "Takydromus hsuehshanensis"
  },
  {
    "sourceScientificName": "Scincella formosensis"
  },
  {
    "sourceScientificName": "Sphenomorphus taiwanensis"
  },
  {
    "sourceScientificName": "Trimeresurus gracilis"
  },
  {
    "sourceScientificName": "Protobothrops mucrosquamatus"
  },
  {
    "sourceScientificName": "Cyclophiops major"
  },
  {
    "sourceScientificName": "Boiga kraepelini"
  },
  {
    "sourceScientificName": "Pareas formosensis"
  },
  {
    "sourceScientificName": "Euprepiophis mandarinus"
  },
  {
    "sourceScientificName": "Oreocryptophis porphyraceus kawakamii"
  },
  {
    "sourceScientificName": "Psammodynastes pulverulentus"
  },
  {
    "sourceScientificName": "Lycodon ruhstrati"
  },
  {
    "sourceScientificName": "Pseudagkistrodon rudis"
  },
  {
    "sourceScientificName": "Ptyas mucosa"
  },
  {
    "sourceScientificName": "Ptyas korros"
  },
  {
    "sourceScientificName": "Trimerodytes percarinatus"
  },
  {
    "sourceScientificName": "Ptyas dhumnades"
  },
  {
    "sourceScientificName": "Mauremys mutica"
  },
  {
    "sourceScientificName": "Trachemys scripta"
  },
  {
    "sourceScientificName": "Cuora flavomarginata"
  },
  {
    "sourceScientificName": "Takydromus kuehnei"
  },
  {
    "sourceScientificName": "Hebius sauteri"
  },
  {
    "sourceScientificName": "Pseudoxenodon stejnegeri"
  },
  {
    "sourceScientificName": "Hemidactylus"
  },
  {
    "sourceScientificName": "Diploderma"
  },
  {
    "sourceScientificName": "Dopasia harti"
  },
  {
    "sourceScientificName": "Sinomicrurus sauteri"
  },
  {
    "sourceScientificName": "Achalinus niger"
  },
  {
    "sourceScientificName": "Trimerodytes annularis"
  },
  {
    "sourceScientificName": "Achalinus formosanus"
  },
  {
    "sourceScientificName": "Eutropis longicaudata"
  },
  {
    "sourceScientificName": "Eutropis multifasciata"
  },
  {
    "sourceScientificName": "Sinomicrurus swinhoei"
  },
  {
    "sourceScientificName": "Elaphe;Orthriophis"
  },
  {
    "sourceScientificName": "Diploderma brevipes"
  },
  {
    "sourceScientificName": "Deinagkistrodon acutus"
  },
  {
    "sourceScientificName": "Ovophis makazayazaya"
  },
  {
    "sourceScientificName": "Calamaria pavimentata"
  },
  {
    "sourceScientificName": "Hebius miyajimae"
  },
  {
    "sourceScientificName": "Rhabdophis swinhonis"
  },
  {
    "sourceScientificName": "Oligodon ornatus"
  },
  {
    "sourceScientificName": "Plagiopholis styani"
  },
  {
    "sourceScientificName": "Takydromus luyeanus"
  },
  {
    "sourceScientificName": "Elaphe taeniura"
  },
  {
    "sourceScientificName": "Python"
  },
  {
    "sourceScientificName": "Diploderma polygonatum"
  },
  {
    "sourceScientificName": "Plestiodon chinensis"
  },
  {
    "sourceScientificName": "Sphenomorphus indicus "
  },
  {
    "sourceScientificName": "Xenochrophis flavipunctatus"
  },
  {
    "sourceScientificName": "Orthriophis taeniurus friesi"
  },
  {
    "sourceScientificName": "Hemidactylus frenatus "
  },
  {
    "sourceScientificName": "Sinonatrix percarinata suriki"
  },
  {
    "sourceScientificName": "Diploderma makii"
  },
  {
    "sourceScientificName": "Takydromus formosanus "
  },
  {
    "sourceScientificName": "Sphenomorphus "
  },
  {
    "sourceScientificName": "Scincidae"
  },
  {
    "sourceScientificName": "Takydromus viridipunctatus"
  },
  {
    "sourceScientificName": "Pareas atayal"
  },
  {
    "sourceScientificName": "Hemidactylus bowringii "
  },
  {
    "sourceScientificName": "Calamaria pavimentata "
  },
  {
    "sourceScientificName": "Elaphe carinata "
  },
  {
    "sourceScientificName": "Oreocryptophis porphyraceus"
  },
  {
    "sourceScientificName": "Scincella formosensis "
  },
  {
    "sourceScientificName": "Eretmochelys imbricata"
  },
  {
    "sourceScientificName": "Chelonia mydas"
  },
  {
    "sourceScientificName": "Reptilia"
  },
  {
    "sourceScientificName": "Testudines"
  },
  {
    "sourceScientificName": "Gekkonidae"
  },
  {
    "sourceScientificName": "Rhabdophis formosanus"
  },
  {
    "sourceScientificName": "Lepidodactylus lugubris"
  },
  {
    "sourceScientificName": "Iguana iguana"
  },
  {
    "sourceScientificName": "Hemiphyllodactylus typus"
  },
  {
    "sourceScientificName": "Anolis sagrei"
  },
  {
    "sourceScientificName": "Pareas komaii"
  },
  {
    "sourceScientificName": "Physignathus cocincinus"
  },
  {
    "sourceScientificName": "Diploderma luei"
  },
  {
    "sourceScientificName": "Daboia siamensis"
  },
  {
    "sourceScientificName": "Takydromus sauteri"
  },
  {
    "sourceScientificName": "Plestiodon leucostictus"
  },
  {
    "sourceScientificName": "Psammodynastes pulverulentus papenfussi"
  },
  {
    "sourceScientificName": "Sphenomorphus incognitus"
  },
  {
    "sourceScientificName": "Gekko kikuchii"
  },
  {
    "sourceScientificName": "Caretta caretta"
  },
  {
    "sourceScientificName": "Japalura luei"
  },
  {
    "sourceScientificName": "Takydromus hani"
  },
  {
    "sourceScientificName": "Pnoepus inornatus"
  },
  {
    "sourceScientificName": "Vipera russellii"
  },
  {
    "sourceScientificName": "Testudo coriacea"
  },
  {
    "sourceScientificName": "Liopeltis major"
  },
  {
    "sourceScientificName": "Hemiphyllodactylus leucostictus"
  },
  {
    "sourceScientificName": "Natrix annularis"
  },
  {
    "sourceScientificName": "Astrotia stokesi"
  },
  {
    "sourceScientificName": "Clemmys mutica"
  },
  {
    "sourceScientificName": "Morelia reticulatus"
  },
  {
    "sourceScientificName": "Hydrophis spiralis melanocephalus"
  },
  {
    "sourceScientificName": "Oreocryptophis prophyraceus"
  },
  {
    "sourceScientificName": "Anolis sagrei sagrei"
  },
  {
    "sourceScientificName": "Naja sputatrix isanensis"
  },
  {
    "sourceScientificName": "Hemiphyllodactylus ceylonensis"
  },
  {
    "sourceScientificName": "Eumeces chinensis leucosticus"
  },
  {
    "sourceScientificName": "Naja kaouthia atra"
  },
  {
    "sourceScientificName": "Pelamis bicolor variegata"
  },
  {
    "sourceScientificName": "Dipsadomorphus kraepelini"
  },
  {
    "sourceScientificName": "Bungarus caeruleus"
  },
  {
    "sourceScientificName": "Disteira melanocephala"
  },
  {
    "sourceScientificName": "Dinodon septentrionalis ruhstrati"
  },
  {
    "sourceScientificName": "Japalura swinhonis"
  },
  {
    "sourceScientificName": "Pnoepus bojeri"
  },
  {
    "sourceScientificName": "Microcephalophis melanocephalus"
  },
  {
    "sourceScientificName": "Tropidonotus stolatus"
  },
  {
    "sourceScientificName": "Broghammerius reticulatus neilsonnemani"
  },
  {
    "sourceScientificName": "Pnoepus pumilus"
  },
  {
    "sourceScientificName": "Sphenomorphus boulengeri"
  },
  {
    "sourceScientificName": "Thalassophina viperina"
  },
  {
    "sourceScientificName": "Disteira viperina"
  },
  {
    "sourceScientificName": "Holarchus formosanus"
  },
  {
    "sourceScientificName": "Tropidonotus habereri"
  },
  {
    "sourceScientificName": "Eretmochelys imbricata imbricata"
  },
  {
    "sourceScientificName": "Pnoepus papuensis"
  },
  {
    "sourceScientificName": "Plestiodon chinensis formosensis"
  },
  {
    "sourceScientificName": "Zaocys dhumnades"
  },
  {
    "sourceScientificName": "Daboia elegans"
  },
  {
    "sourceScientificName": "Disteira cyanocincta"
  },
  {
    "sourceScientificName": "Clemmys japonica"
  },
  {
    "sourceScientificName": "Plestiodon chinensis chinensis"
  },
  {
    "sourceScientificName": "Ptyas mucosus"
  },
  {
    "sourceScientificName": "Amyda maacki"
  },
  {
    "sourceScientificName": "Elaphe takasago"
  },
  {
    "sourceScientificName": "Onychocephalus capensis"
  },
  {
    "sourceScientificName": "Hemibungarus sauteri"
  },
  {
    "sourceScientificName": "Hemibugnarus macclellandi"
  },
  {
    "sourceScientificName": "Holarchus torquatus konishii"
  },
  {
    "sourceScientificName": "Gehyra ogasawarasimae"
  },
  {
    "sourceScientificName": "Laticauda laticaudata"
  },
  {
    "sourceScientificName": "Pareas formosensis "
  },
  {
    "sourceScientificName": "Bungarus"
  },
  {
    "sourceScientificName": "Boiga kraepelini "
  },
  {
    "sourceScientificName": "Japalura polygonata xanthostoma"
  },
  {
    "sourceScientificName": "Mabuya multifasciata"
  },
  {
    "sourceScientificName": "Trimeresurus stejnegeri "
  },
  {
    "sourceScientificName": "Ovophis monticola makazayazaya"
  },
  {
    "sourceScientificName": "Python bivittatus"
  },
  {
    "sourceScientificName": "Mabuya longicaudata"
  },
  {
    "sourceScientificName": "Ovophis monticola"
  },
  {
    "sourceScientificName": "Japalura brevipes"
  },
  {
    "sourceScientificName": "Sinomicrurus macclellandi swinhoei"
  },
  {
    "sourceScientificName": "Enhydris plumbea"
  },
  {
    "sourceScientificName": "Lepidochelys olivacea"
  },
  {
    "sourceScientificName": "Chamaele decumbens Makino var. decumbens"
  },
  {
    "sourceScientificName": "Trionychidae"
  },
  {
    "sourceScientificName": "Calamaria pavimentata pavimentata"
  },
  {
    "sourceScientificName": "Lycodon ruhstrati ruhstrati"
  },
  {
    "sourceScientificName": "Lycodon rufozonatus rufozonatus"
  },
  {
    "sourceScientificName": "Trimeresurus stejnegeri stejnegeri"
  },
  {
    "sourceScientificName": "Pareas atayal "
  },
  {
    "sourceScientificName": "Geoclemmys mutica"
  },
  {
    "sourceScientificName": "Pareas komaii (Maki, 1931)"
  },
  {
    "sourceScientificName": "Diploderma swinhonis (Günther, 1864)"
  },
  {
    "sourceScientificName": "Trimeresurus stejnegeri Schmidt, 1925"
  },
  {
    "sourceScientificName": "Bungarus multicinctus Blyth, 1861"
  },
  {
    "sourceScientificName": "Naja atra Cantor, 1842"
  },
  {
    "sourceScientificName": "Pareas atayal You, Poyarkov & Lin, 2015"
  },
  {
    "sourceScientificName": "Eutropis longicaudata (Hallowell, 1857)"
  },
  {
    "sourceScientificName": "Hemidactylus frenatus Duméril & Bibron, 1836"
  },
  {
    "sourceScientificName": "Eutropis multifasciata (Kuhl, 1820)"
  },
  {
    "sourceScientificName": "Diploderma polygonatum Hallowell, 1861"
  },
  {
    "sourceScientificName": "Trachemys scripta (Thunberg, 1792)"
  },
  {
    "sourceScientificName": "Ptyas major (Günther, 1858)"
  },
  {
    "sourceScientificName": "Mauremys sinensis (Gray, 1834)"
  },
  {
    "sourceScientificName": "Plestiodon chinensis (Gray, 1838)"
  },
  {
    "sourceScientificName": "Lycodon rufozonatus Cantor, 1842"
  },
  {
    "sourceScientificName": "Takydromus luyeanus Lue & Lin, 2008"
  },
  {
    "sourceScientificName": "Sphenomorphus indicus (Gray, 1853)"
  },
  {
    "sourceScientificName": "Pareas formosensis (Van Denburgh, 1909)"
  },
  {
    "sourceScientificName": "Trachemys scripta elegans (Wied-Neuwied, 1839)"
  },
  {
    "sourceScientificName": "Ptyas mucosa (Linnaeus, 1758)"
  },
  {
    "sourceScientificName": "Plestiodon elegans (Boulenger, 1887)"
  },
  {
    "sourceScientificName": "Elaphe taeniura friesi (Werner, 1927)"
  },
  {
    "sourceScientificName": "Ptyas korros (Schlegel, 1837)"
  },
  {
    "sourceScientificName": "Mauremys mutica mutica (Cantor, 1842)"
  },
  {
    "sourceScientificName": "Boiga kraepelini Stejneger, 1902"
  },
  {
    "sourceScientificName": "Takydromus sauteri Van Denburgh, 1909"
  },
  {
    "sourceScientificName": "Mauremys mutica (Cantor, 1842)"
  },
  {
    "sourceScientificName": "Protobothrops mucrosquamatus (Cantor, 1839)"
  },
  {
    "sourceScientificName": "Pelodiscus sinensis Wiegmann, 1835"
  },
  {
    "sourceScientificName": "Mauremys reevesii (Gray, 1831)"
  },
  {
    "sourceScientificName": "Trimerodytes percarinatus suriki (Maki, 1931)"
  },
  {
    "sourceScientificName": "Anolis sagrei Duméril & Bibron, 1837"
  },
  {
    "sourceScientificName": "Hemiphyllodactylus typus Bleeker, 1860"
  },
  {
    "sourceScientificName": "Gekko hokouensis Pope, 1928"
  },
  {
    "sourceScientificName": "Iguana iguana (Linnaeus, 1758)"
  },
  {
    "sourceScientificName": "Oligodon formosanus (Günther, 1872)"
  },
  {
    "sourceScientificName": "Sphenomorphus incognitus (Thompson, 1912)"
  },
  {
    "sourceScientificName": "Lycodon ruhstrati Fischer, 1886"
  },
  {
    "sourceScientificName": "Takydromus kuehnei Van Denburgh, 1909"
  },
  {
    "sourceScientificName": "Amphiesma stolatum Linnaeus, 1758"
  },
  {
    "sourceScientificName": "Hemidactylus bowringii (Gray, 1845)"
  },
  {
    "sourceScientificName": "Laticauda colubrina (Schneider, 1799)"
  },
  {
    "sourceScientificName": "Psammodynastes pulverulentus (Boie, 1827)"
  },
  {
    "sourceScientificName": "Sphenomorphus taiwanensis Chen & Lue, 1987"
  },
  {
    "sourceScientificName": "Oreocryptophis porphyraceus (Cantor, 1839)"
  },
  {
    "sourceScientificName": "Deinagkistrodon acutus (Günther, 1888)"
  },
  {
    "sourceScientificName": "Ptyas dhumnades (Cantor, 1842)"
  },
  {
    "sourceScientificName": "Elaphe taeniura Cope, 1861"
  },
  {
    "sourceScientificName": "Psammodynastes pulverulentus papenfussi Zhao, 1995"
  },
  {
    "sourceScientificName": "Pseudoxenodon stejnegeri Barbour, 1908"
  },
  {
    "sourceScientificName": "Sibynophis chinensis (Günther, 1889)"
  },
  {
    "sourceScientificName": "Scincella formosensis (Van Denburgh, 1912)"
  },
  {
    "sourceScientificName": "Indotyphlops braminus (Daudin, 1803)"
  },
  {
    "sourceScientificName": "Diploderma polygonatum xanthostomum (Ota, 1991)"
  },
  {
    "sourceScientificName": "Daboia siamensis (Smith, 1917)"
  },
  {
    "sourceScientificName": "Gekko guishanicus Lin & Yao, 2016"
  },
  {
    "sourceScientificName": "Lycodon rufozonatus rufozonatus Cantor, 1842"
  },
  {
    "sourceScientificName": "Hebius sauteri (Boulenger, 1909)"
  },
  {
    "sourceScientificName": "Oligodon ornatus Van Denburgh, 1909"
  },
  {
    "sourceScientificName": "Trimeresurus stejnegeri stejnegeri Schmidt, 1925"
  },
  {
    "sourceScientificName": "Lepidodactylus lugubris (Duméril & Bibron, 1836)"
  },
  {
    "sourceScientificName": "Rhabdophis"
  },
  {
    "sourceScientificName": "Laticauda laticaudata Linnaeus, 1758"
  },
  {
    "sourceScientificName": "Ovophis makazayazaya (Takahashi, 1922)"
  },
  {
    "sourceScientificName": "Plestiodon chinensis formosensis (Gray, 1838)"
  },
  {
    "sourceScientificName": "Takydromus viridipunctatus Lue & Lin, 2008"
  },
  {
    "sourceScientificName": "Dopasia harti (Boulenger, 1899)"
  },
  {
    "sourceScientificName": "Chelonia mydas (Linnaeus, 1758)"
  },
  {
    "sourceScientificName": "Cuora flavomarginata (Gray, 1863)"
  },
  {
    "sourceScientificName": "Laticauda semifasciata Stejneger, 1907"
  },
  {
    "sourceScientificName": "Fowlea flavipunctatus (Hallowell, 1861)"
  },
  {
    "sourceScientificName": "Takydromus formosanus Boulenger, 1894"
  },
  {
    "sourceScientificName": "Trimerodytes annularis (Hallowell, 1856)"
  },
  {
    "sourceScientificName": "Sinomicrurus swinhoei (Van Denburgh, 1912)"
  },
  {
    "sourceScientificName": "Hemidactylus stejnegeri Ota & Hikida, 1989"
  },
  {
    "sourceScientificName": "Myrrophis chinensis (Gray, 1842)"
  },
  {
    "sourceScientificName": "Achalinus niger Maki, 1931"
  },
  {
    "sourceScientificName": "Oreocryptophis porphyraceus kawakamii (Oshima, 1910)"
  },
  {
    "sourceScientificName": "Rhabdophis swinhonis (Günther, 1868)"
  },
  {
    "sourceScientificName": "Trimerodytes percarinatus (Boulenger, 1899)"
  },
  {
    "sourceScientificName": "Takydromus septentrionalis Günther, 1864"
  },
  {
    "sourceScientificName": "Diploderma makii (Ota, 1989)"
  },
  {
    "sourceScientificName": "Hypsiscopus"
  },
  {
    "sourceScientificName": "Hemidactylus brookii Gray, 1845"
  },
  {
    "sourceScientificName": "Takydromus stejnegeri Van Denburgh, 1912"
  },
  {
    "sourceScientificName": "Euprepiophis mandarinus (Cantor, 1842)"
  },
  {
    "sourceScientificName": "Gekko monarchus (Schlegel, 1836)"
  },
  {
    "sourceScientificName": "Plagiopholis styani Boulenger, 1899"
  },
  {
    "sourceScientificName": "Trimeresurus gracilis Oshima, 1920"
  },
  {
    "sourceScientificName": "Sinonatrix percarinata"
  },
  {
    "sourceScientificName": "Sphenomorphus"
  },
  {
    "sourceScientificName": "Hemidactylus platurus Bleeker, 1857"
  },
  {
    "sourceScientificName": "Japalura swinhonis Günther, 1864"
  },
  {
    "sourceScientificName": "Japalura brevipes Gressitt, 1936"
  },
  {
    "sourceScientificName": "Ophisaurus harti Boulenger, 1899"
  },
  {
    "sourceScientificName": "Ovophis monticola (Günther, 1864)"
  },
  {
    "sourceScientificName": "Cyclophiops major (Günther, 1858)"
  },
  {
    "sourceScientificName": "Macropisthodon rudis Boulenger, 1906"
  },
  {
    "sourceScientificName": "Trimeresurus mucrosquamatus Günther, 1864"
  },
  {
    "sourceScientificName": "Dinodon rufozonatum Cantor, 1842"
  },
  {
    "sourceScientificName": "Elaphe porphyracea Cantor, 1839"
  },
  {
    "sourceScientificName": "Zaocys dhumnades (Cantor, 1842)"
  },
  {
    "sourceScientificName": "Amphiesma sauteri (Boulenger, 1909)"
  },
  {
    "sourceScientificName": "Sinonatrix percarinata suriki (Maki, 1931)"
  },
  {
    "sourceScientificName": "Eumeces elegans Boulenger, 1887"
  },
  {
    "sourceScientificName": "Emydocephalus ijimae Stejneger, 1898"
  },
  {
    "sourceScientificName": "Enhydris chinensis Gray, 1842"
  },
  {
    "sourceScientificName": "Orthriophis taeniurus (Cope, 1861)"
  },
  {
    "sourceScientificName": "Hydrophis melanocephalus Gray, 1849"
  },
  {
    "sourceScientificName": "Enhydris plumbea Boie, 1827"
  },
  {
    "sourceScientificName": "Crocodylia"
  },
  {
    "sourceScientificName": "Opheodrys major Smith, 1943"
  },
  {
    "sourceScientificName": "Pelamis platura (Linnaeus, 1766)"
  },
  {
    "sourceScientificName": "Sinomicrurus macclellandi (Reinhardt, 1844)"
  },
  {
    "sourceScientificName": "Ocadia sinensis Gray, 1834"
  },
  {
    "sourceScientificName": "Eumeces chinensis formosensis Van Denburgh, 1912"
  },
  {
    "sourceScientificName": "Sphenomorphus formosensis Greer, 1967"
  },
  {
    "sourceScientificName": "Sphenomorphus boulengeri Van, 1912"
  },
  {
    "sourceScientificName": "Emoia atrocostata (Lesson, 1830)"
  },
  {
    "sourceScientificName": "Trimeresurus gramineus Stejneger, 1907"
  },
  {
    "sourceScientificName": "Ramphotyphlops braminus (Daudin, 1803)"
  },
  {
    "sourceScientificName": "Rhabdophis tigrinus (Boie, 1826)"
  },
  {
    "sourceScientificName": "Hydrophis cyanocinctus Daudin, 1803"
  },
  {
    "sourceScientificName": "Takydromus hsuehshanensis Lin & Cheng, 1981"
  },
  {
    "sourceScientificName": "Mabuya longicaudata Stejneger, 1907"
  },
  {
    "sourceScientificName": "Calamaria pavimentata Duméril  & Bibron, 1854"
  },
  {
    "sourceScientificName": "Sibynophis"
  },
  {
    "sourceScientificName": "Elaphe carinata (Günther, 1864)"
  },
  {
    "sourceScientificName": "Entechinus major Cope, 1895"
  },
  {
    "sourceScientificName": "Lepidodactylus yami Ota, 1987"
  },
  {
    "sourceScientificName": "Naja naja atra NUTAPHAND 1982"
  },
  {
    "sourceScientificName": "Japalura mitsukurii Stejneger, 1898"
  },
  {
    "sourceScientificName": "Hydrophis ornatus (Gray, 1842)"
  },
  {
    "sourceScientificName": "Sinonatrix"
  },
  {
    "sourceScientificName": "Xenochrophis flavipunctatus (Hallowell, 1861)"
  },
  {
    "sourceScientificName": "Diploderma brevipes (Gressitt, 1936)"
  },
  {
    "sourceScientificName": "Sinomicrurus sauteri (Steindachner, 1913)"
  },
  {
    "sourceScientificName": "Natrix stolata Stejneger, 1907"
  },
  {
    "sourceScientificName": "Natrix swinhonis Stejneger, 1907"
  },
  {
    "sourceScientificName": "Dinodon rufozonatus Peters, 1881"
  },
  {
    "sourceScientificName": "Achalinus formosanus Boulenger, 1908"
  },
  {
    "sourceScientificName": "Japalura makii Ota, 1989"
  },
  {
    "sourceScientificName": "Dinodon septentrionalis (Günther, 1875)"
  },
  {
    "sourceScientificName": "Liopeltis major bicarinata MAKI 1931"
  },
  {
    "sourceScientificName": "Rhabdophis tigrinus formosanus (Maki, 1931)"
  },
  {
    "sourceScientificName": "Sinonatrix percarinata (Boulenger, 1899)"
  },
  {
    "sourceScientificName": "Sinonatrix annularis (Hallowell, 1856)"
  },
  {
    "sourceScientificName": "Gekko kikuchii (Oshima, 1912)"
  },
  {
    "sourceScientificName": "Daboia"
  },
  {
    "sourceScientificName": "Japalura polygonata xanthostoma Ota, 1991"
  },
  {
    "sourceScientificName": "Vipera russelli formosensis MAKI 1931"
  },
  {
    "sourceScientificName": "Gekko japonicus Stejneger, 1907"
  },
  {
    "sourceScientificName": "Naja naja kaouthia Smith, 1943"
  },
  {
    "sourceScientificName": "Amphiesma"
  },
  {
    "sourceScientificName": "Daboia russelii (Shaw & Nodder, 1797)"
  },
  {
    "sourceScientificName": "Orthriophis taeniurus friesi (Werner, 1927)"
  },
  {
    "sourceScientificName": "Daboia russelli siamensis Welch 1994"
  },
  {
    "sourceScientificName": "Pseudoxenodon stejnegeri stejnegeri Barbour, 1908"
  },
  {
    "sourceScientificName": "Mabuya multicarinata borealis Brown & Alcala, 1980"
  },
  {
    "sourceScientificName": "Laticauda"
  },
  {
    "sourceScientificName": "Gekko gecko (Linnaeus, 1758)"
  },
  {
    "sourceScientificName": "Plestiodon chinensis leucostictus (Hikida, 1988)"
  },
  {
    "sourceScientificName": "Achalinus formosanus formosanus Boulenger, 1908"
  },
  {
    "sourceScientificName": "Diploderma luei (Ota, Chen & Shang, 1998)"
  },
  {
    "sourceScientificName": "Hebius"
  },
  {
    "sourceScientificName": "Hydrophis peronii (Duméril, 1853)"
  },
  {
    "sourceScientificName": "Psammodynastes"
  },
  {
    "sourceScientificName": "Oligodon"
  },
  {
    "sourceScientificName": "Pareas"
  },
  {
    "sourceScientificName": "Trimeresurus"
  },
  {
    "sourceScientificName": "Xenochrophis Günther, 1864"
  },
  {
    "sourceScientificName": "Protobothrops"
  },
  {
    "sourceScientificName": "Ophisaurus formosensis Kishida, 1930"
  },
  {
    "sourceScientificName": "Deinagkistrodon"
  },
  {
    "sourceScientificName": "Elaphe Fitzinger, 1833"
  },
  {
    "sourceScientificName": "Pseudoxenodon"
  },
  {
    "sourceScientificName": "Ramphotyphlops"
  },
  {
    "sourceScientificName": "Japalura Gray, 1853"
  },
  {
    "sourceScientificName": "Cyclophiops"
  },
  {
    "sourceScientificName": "Lycodon rufozonatus;Lycodon rufozonatus rufozonatus"
  },
  {
    "sourceScientificName": "Sibynophis chinensis chinensis"
  },
  {
    "sourceScientificName": "Agkistrodon acutus Pope, 1935"
  },
  {
    "sourceScientificName": "Gehyra mutilata (Wiegmann, 1834)"
  },
  {
    "sourceScientificName": "Elaphe taeniura "
  },
  {
    "sourceScientificName": "Emoia atrocostata"
  },
  {
    "sourceScientificName": "Laticauda colubrina"
  },
  {
    "sourceScientificName": "Colubridae"
  },
  {
    "sourceScientificName": "Gekko monarchus"
  },
  {
    "sourceScientificName": "Crocodylidae"
  },
  {
    "sourceScientificName": "Caiman crocodilus Linnaeus, 1758"
  },
  {
    "sourceScientificName": "Varanus"
  },
  {
    "sourceScientificName": "Plestiodon leucostictus (Hikida, 1988)"
  },
  {
    "sourceScientificName": "Eutropis multicarinata borealis (Brown & Alcala, 1980)"
  },
  {
    "sourceScientificName": "Varanus salvator LAURENTI 1768"
  },
  {
    "sourceScientificName": "Chamaeleo calyptratus Duméril & Bibron, 1851"
  },
  {
    "sourceScientificName": "Ptyas mucosus (Linnaeus, 1758)"
  },
  {
    "sourceScientificName": "Eumeces chinensis (Gray, 1838)"
  },
  {
    "sourceScientificName": "Japalura polygonata (Hallowell, 1861)"
  },
  {
    "sourceScientificName": "Zaocys oshimai Stejneger, 1925"
  },
  {
    "sourceScientificName": "Cheloniidae"
  },
  {
    "sourceScientificName": "Dermochelys coriacea Vandelli, 1761"
  },
  {
    "sourceScientificName": "Chelonia"
  },
  {
    "sourceScientificName": "Tropidonotus swinhonis Günther, 1868"
  },
  {
    "sourceScientificName": "Trimeresurus monticola Günther, 1864"
  },
  {
    "sourceScientificName": "Caretta caretta (Linnaeus, 1758)"
  },
  {
    "sourceScientificName": "Pelodiscus"
  },
  {
    "sourceScientificName": "Cistoclemmys flavomarginata Gray, 1863"
  },
  {
    "sourceScientificName": "Pseudagkistrodon rudis (Boulenger, 1906)"
  },
  {
    "sourceScientificName": "Hydrophis"
  },
  {
    "sourceScientificName": "Mauremys nigricans Wermuth, 1977"
  },
  {
    "sourceScientificName": "Hypsiscopus plumbea (Boie, 1827)"
  },
  {
    "sourceScientificName": "Bungarus multicinctus multicinctus Blyth, 1861"
  },
  {
    "sourceScientificName": "Eretmochelys imbricata Conant, 1991"
  },
  {
    "sourceScientificName": "Elaphe mandarinus Stejneger, 1925"
  },
  {
    "sourceScientificName": "Hydrophis hardwickei (Gray, 1834)"
  },
  {
    "sourceScientificName": "Liopeltis major Stejneger, 1907"
  },
  {
    "sourceScientificName": "Natrix sauteri (Boulenger, 1909)"
  },
  {
    "sourceScientificName": "Natrix annularis Stejneger, 1907"
  },
  {
    "sourceScientificName": "Naja"
  },
  {
    "sourceScientificName": "Hemiphyllodactylus"
  },
  {
    "sourceScientificName": "Lycodon ruhstrati ruhstrati Fischer, 1886"
  },
  {
    "sourceScientificName": "Scincella"
  },
  {
    "sourceScientificName": "Xenochrophis piscator (Schneider, 1799)"
  },
  {
    "sourceScientificName": "Hypsiscopus wettsteini (Amaral, 1929)"
  },
  {
    "sourceScientificName": "Sinomicrurus macclellandi swinhoei (Van Denburgh, 1912)"
  },
  {
    "sourceScientificName": "Sinomicrurus hatori (Takahashi, 1930)"
  },
  {
    "sourceScientificName": "Vipera russelli siamensis Smith, 1917"
  },
  {
    "sourceScientificName": "Lampropeltis getula (BLAINVILLE 1835)"
  },
  {
    "sourceScientificName": "Python molurus bivittatus Kuhl, 1820"
  },
  {
    "sourceScientificName": "Viperidae"
  },
  {
    "sourceScientificName": "Rhabdophis formosanus (Maki, 1931)"
  },
  {
    "sourceScientificName": "Ovophis monticola makazayazaya (Takahashi, 1922)"
  },
  {
    "sourceScientificName": "Chelonia japonica (Tobias, 2000)"
  },
  {
    "sourceScientificName": "Mauremys japonica TEMMINCK & SCHLEGEL 1835"
  },
  {
    "sourceScientificName": "Chinemys reevesii Gray, 1831"
  },
  {
    "sourceScientificName": "Cyclemys flavomarginata Boulenger, 1889"
  },
  {
    "sourceScientificName": "Lepidochelys olivacea Eschscholtz, 1829"
  },
  {
    "sourceScientificName": "Achalinus"
  },
  {
    "sourceScientificName": "Diploderma Hallowell, 1861"
  },
  {
    "sourceScientificName": "Ptyas"
  },
  {
    "sourceScientificName": "Gekko"
  },
  {
    "sourceScientificName": "Lacertidae"
  },
  {
    "sourceScientificName": "Squamata"
  },
  {
    "sourceScientificName": "Takydromus kuehnei kuehnei"
  },
  {
    "sourceScientificName": "Caiman crocodilus"
  },
  {
    "sourceScientificName": "Eutropis multicarinata borealis"
  },
  {
    "sourceScientificName": "Trimeresurus stejnegeri;Trimeresurus stejnegeri stejnegeri"
  },
  {
    "sourceScientificName": "Lycodon ruhstrati;Lycodon ruhstrati ruhstrati"
  },
  {
    "sourceScientificName": "Takydromus kuehnei;Takydromus kuehnei kuehnei"
  },
  {
    "sourceScientificName": "Calamaria pavimentata;Calamaria pavimentata pavimentata"
  },
  {
    "sourceScientificName": "Hemidactylus brookii"
  },
  {
    "sourceScientificName": "Gekko gecko"
  },
  {
    "sourceScientificName": "Rhabdophis tigrinus formosanus"
  },
  {
    "sourceScientificName": "Xenochrophis piscator"
  },
  {
    "sourceScientificName": "Hemidactylus garnotii"
  },
  {
    "sourceScientificName": "Macropisthodon rudis"
  },
  {
    "sourceScientificName": "Pseudagkistrodon rudis rudis"
  },
  {
    "sourceScientificName": "Sinomicrurus hatori"
  },
  {
    "sourceScientificName": "Serpentes"
  },
  {
    "sourceScientificName": "Gekko guishanicus"
  },
  {
    "sourceScientificName": "Dermochelys coriacea"
  },
  {
    "sourceScientificName": "Pareatidae"
  },
  {
    "sourceScientificName": "Agamidae"
  },
  {
    "sourceScientificName": "Dipsadomorphus irregularis"
  },
  {
    "sourceScientificName": "Gekko hokounensis"
  },
  {
    "sourceScientificName": "Natrix copei"
  },
  {
    "sourceScientificName": "Laticauda semifasciata"
  },
  {
    "sourceScientificName": "Platurus colubrinus"
  },
  {
    "sourceScientificName": "Zaocys oshimai"
  },
  {
    "sourceScientificName": "Gonyosoma frenatus"
  },
  {
    "sourceScientificName": "Hebius miyajimae (Maki, 1931)"
  },
  {
    "sourceScientificName": "Trachemys scripta scripta"
  },
  {
    "sourceScientificName": "Platyplacopus kuehnei"
  },
  {
    "sourceScientificName": "Plestiodon"
  },
  {
    "sourceScientificName": "Enhydris"
  },
  {
    "sourceScientificName": "Lepidodactylus yami"
  },
  {
    "sourceScientificName": "Sinomicrurus hatorii"
  },
  {
    "sourceScientificName": "Gonyosoma frenatum"
  },
  {
    "sourceScientificName": "Sinomicrurus"
  },
  {
    "sourceScientificName": "Eutropis borealis"
  },
  {
    "sourceScientificName": "Gonyosoma frenatum (Gray, 1853)"
  },
  {
    "sourceScientificName": "Eutropis borealis (Brown & Alcala, 1980)"
  },
  {
    "sourceScientificName": "Gekko melli (Vogt, 1922)"
  },
  {
    "sourceScientificName": "Eutropis cumingi (Brown & Alcala, 1980)"
  },
  {
    "sourceScientificName": "Ateuchosaurus chinensis Gray, 1845"
  },
  {
    "sourceScientificName": "Elapidae"
  },
  {
    "sourceScientificName": "Hydrophis ornatus"
  },
  {
    "sourceScientificName": "Hydrophis cyanocinctus"
  },
  {
    "sourceScientificName": "Hydrophis curtus"
  },
  {
    "sourceScientificName": "Amphiesma sp."
  },
  {
    "sourceScientificName": "Pseudoxenodon stejnegeri stejnegeri"
  },
  {
    "sourceScientificName": "Eutropis"
  },
  {
    "sourceScientificName": "Pseudagkistrodon rudis;Pseudagkistrodon rudis rudis"
  },
  {
    "sourceScientificName": "Mauremys mutica mutica"
  },
  {
    "sourceScientificName": "Argyrophis koshunensis"
  },
  {
    "sourceScientificName": "Physignathus cocincinus Cuvier, 1829"
  },
  {
    "sourceScientificName": "Sibynophis chinensis chinensis (Günther, 1889)"
  },
  {
    "sourceScientificName": "Mauremys"
  },
  {
    "sourceScientificName": "Geoemydidae"
  },
  {
    "sourceScientificName": "Emydocephalus ijimae"
  },
  {
    "sourceScientificName": "Python regius"
  },
  {
    "sourceScientificName": "Eretmochelys"
  },
  {
    "sourceScientificName": "Lapemis hardwickii Gray, 1834"
  },
  {
    "sourceScientificName": "Dinodon ruhstrati Web"
  },
  {
    "sourceScientificName": "Vipera russellii Strauch, 1869"
  },
  {
    "sourceScientificName": "Amphiesma miyajimae (Maki, 1931)"
  },
  {
    "sourceScientificName": "Hemibungarus sauteri (Steindachner, 1913)"
  },
  {
    "sourceScientificName": "Elaphe mandarina Cantor, 1842"
  },
  {
    "sourceScientificName": "Emydidae"
  },
  {
    "sourceScientificName": "Gehyra mutilata"
  },
  {
    "sourceScientificName": "Trachemys"
  },
  {
    "sourceScientificName": "Gekko melli"
  },
  {
    "sourceScientificName": "Trimerodytes percarinatus suriki"
  },
  {
    "sourceScientificName": "Takydromus stejnegeri "
  },
  {
    "sourceScientificName": "Macropisthodon rudis rudis"
  },
  {
    "sourceScientificName": "Chamaele decumbens Makino"
  },
  {
    "sourceScientificName": "Orthriophis taeniurus"
  },
  {
    "sourceScientificName": "Eutropis cumingi"
  },
  {
    "sourceScientificName": "Lycodon"
  },
  {
    "sourceScientificName": "Anguis platura"
  },
  {
    "sourceScientificName": "Xenodermatidae"
  },
  {
    "sourceScientificName": "Leioselasma melanocephala Kharin, 1984"
  },
  {
    "sourceScientificName": "Natrix Laurenti, 1768"
  },
  {
    "sourceScientificName": "Hydrophis melanocephalus"
  }
]