[
  {
    "sourceScientificName": "Polypedates braueri"
  },
  {
    "sourceScientificName": "Fejervarya limnocharis"
  },
  {
    "sourceScientificName": "Buergeria choui"
  },
  {
    "sourceScientificName": "Zhangixalus taipeianus"
  },
  {
    "sourceScientificName": "Hoplobatrachus rugulosus"
  },
  {
    "sourceScientificName": "Bufo bankorensis"
  },
  {
    "sourceScientificName": "Buergeria robusta"
  },
  {
    "sourceScientificName": "Duttaphrynus melanostictus"
  },
  {
    "sourceScientificName": "Microhyla fissipes"
  },
  {
    "sourceScientificName": "Buergeria otai"
  },
  {
    "sourceScientificName": "Zhangixalus moltrechti"
  },
  {
    "sourceScientificName": "Hylarana guentheri"
  },
  {
    "sourceScientificName": "Nidirana adenopleura"
  },
  {
    "sourceScientificName": "Amphibia"
  },
  {
    "sourceScientificName": "Hoplobatrachus chinensis"
  },
  {
    "sourceScientificName": "Rana longicrus"
  },
  {
    "sourceScientificName": "Polypedates megacephalus"
  },
  {
    "sourceScientificName": "Pelophylax fukienensis"
  },
  {
    "sourceScientificName": "Hylarana latouchii"
  },
  {
    "sourceScientificName": "Microhyla heymonsi"
  },
  {
    "sourceScientificName": "Hynobius formosanus"
  },
  {
    "sourceScientificName": "Bufo"
  },
  {
    "sourceScientificName": "Hyla chinensis"
  },
  {
    "sourceScientificName": "Limnonectes fujianensis"
  },
  {
    "sourceScientificName": "Rana sauteri"
  },
  {
    "sourceScientificName": "Odorrana swinhoana"
  },
  {
    "sourceScientificName": "Kurixalus eiffingeri"
  },
  {
    "sourceScientificName": "Kurixalus idiootocus"
  },
  {
    "sourceScientificName": "Zhangixalus arvalis"
  },
  {
    "sourceScientificName": "Microhyla"
  },
  {
    "sourceScientificName": "Nidirana okinavana"
  },
  {
    "sourceScientificName": "Microhyla butleri"
  },
  {
    "sourceScientificName": "Micryletta steinegeri"
  },
  {
    "sourceScientificName": "Hynobius"
  },
  {
    "sourceScientificName": " "
  },
  {
    "sourceScientificName": "Zhangixalus prasinatus"
  },
  {
    "sourceScientificName": "Hylarana taipehensis"
  },
  {
    "sourceScientificName": "Zhangixalus aurantiventris"
  },
  {
    "sourceScientificName": "Kurixalus berylliniris"
  },
  {
    "sourceScientificName": "Sylvirana guentheri"
  },
  {
    "sourceScientificName": "Microhyla ornata"
  },
  {
    "sourceScientificName": "Aquarana catesbeiana"
  },
  {
    "sourceScientificName": "Buergeria japonica"
  },
  {
    "sourceScientificName": "Hynobius fuca"
  },
  {
    "sourceScientificName": "Fejervarya cancrivora"
  },
  {
    "sourceScientificName": "Anura"
  },
  {
    "sourceScientificName": "Polypedates braueri "
  },
  {
    "sourceScientificName": "Kaloula pulchra"
  },
  {
    "sourceScientificName": "Rhacophorus moltrechti"
  },
  {
    "sourceScientificName": "Kaloula pulchra pulchra"
  },
  {
    "sourceScientificName": "Hynobius arisanensis"
  },
  {
    "sourceScientificName": "Kurixalus wangi"
  },
  {
    "sourceScientificName": "Nidirana lini"
  },
  {
    "sourceScientificName": "Fejervarya kawamurai"
  },
  {
    "sourceScientificName": "Rana narina swinhoana"
  },
  {
    "sourceScientificName": "Babina adenopleura"
  },
  {
    "sourceScientificName": "Rhacophorus arvalis"
  },
  {
    "sourceScientificName": "Rhacophorus taipeianus"
  },
  {
    "sourceScientificName": "Lithobates catesbeianus"
  },
  {
    "sourceScientificName": "Rhacophorus prasinatus"
  },
  {
    "sourceScientificName": "Eleutherodactylus planirostris"
  },
  {
    "sourceScientificName": "Hynobius sonani"
  },
  {
    "sourceScientificName": "Hynobius glacialis"
  },
  {
    "sourceScientificName": "Hoplobatrachus"
  },
  {
    "sourceScientificName": "Kurixalus eiffingeri (Boettger, 1895)"
  },
  {
    "sourceScientificName": "Bufo bankorensis Barbour, 1908"
  },
  {
    "sourceScientificName": "Fejervarya limnocharis (Gravenhorst, 1829)"
  },
  {
    "sourceScientificName": "Buergeria otai Wang, Hsiao, Lee, Tseng, Lin, Komaki & Lin, 2020"
  },
  {
    "sourceScientificName": "Hylarana latouchii (Boulenger, 1899)"
  },
  {
    "sourceScientificName": "Rana longicrus Stejneger, 1898"
  },
  {
    "sourceScientificName": "Zhangixalus arvalis (Lue, Lai & Chen, 1995)"
  },
  {
    "sourceScientificName": "Odorrana swinhoana (Boulenger, 1903)"
  },
  {
    "sourceScientificName": "Limnonectes fujianensis Ye & Fei, 1994"
  },
  {
    "sourceScientificName": "Sylvirana guentheri (Boulenger, 1882)"
  },
  {
    "sourceScientificName": "Pelophylax fukienensis (Pope, 1929)"
  },
  {
    "sourceScientificName": "Duttaphrynus melanostictus (Schneider, 1799)"
  },
  {
    "sourceScientificName": "Microhyla fissipes Boulenger, 1884"
  },
  {
    "sourceScientificName": "Rana sauteri Boulenger, 1909"
  },
  {
    "sourceScientificName": "Kaloula pulchra Gray, 1831"
  },
  {
    "sourceScientificName": "Kurixalus idiootocus (Kuramoto & Wang, 1987)"
  },
  {
    "sourceScientificName": "Buergeria robusta (Boulenger, 1909)"
  },
  {
    "sourceScientificName": "Nidirana adenopleura (Boulenger, 1909)"
  },
  {
    "sourceScientificName": "Polypedates megacephalus Hallowell, 1861"
  },
  {
    "sourceScientificName": "Hoplobatrachus chinensis (Osbeck, 1765)"
  },
  {
    "sourceScientificName": "Zhangixalus taipeianus (Liang & Wang, 1978)"
  },
  {
    "sourceScientificName": "Hyla chinensis Günther, 1858"
  },
  {
    "sourceScientificName": "Zhangixalus moltrechti (Boulenger, 1908)"
  },
  {
    "sourceScientificName": "Buergeria choui Matsui & Tominaga, 2020"
  },
  {
    "sourceScientificName": "Hynobius arisanensis Maki, 1922"
  },
  {
    "sourceScientificName": "Kurixalus wangi Wu, Huang, Tsai, Lin, Jhang & Wu, 2016"
  },
  {
    "sourceScientificName": "Zhangixalus prasinatus (Mou, Risch & Lue, 1983)"
  },
  {
    "sourceScientificName": "Nidirana Dubois, 1992"
  },
  {
    "sourceScientificName": "Polypedates braueri (Vogt, 1911)"
  },
  {
    "sourceScientificName": "Micryletta steinegeri (Boulenger, 1909)"
  },
  {
    "sourceScientificName": "Hynobius sonani (Maki, 1922)"
  },
  {
    "sourceScientificName": "Hynobius formosanus Maki, 1922"
  },
  {
    "sourceScientificName": "Polypedates leucomystax (Gravenhorst, 1829)"
  },
  {
    "sourceScientificName": "Eleutherodactylus planirostris (Cope, 1862)"
  },
  {
    "sourceScientificName": "Zhangixalus aurantiventris (Lue, Lai & Chen, 1994)"
  },
  {
    "sourceScientificName": "Rhacophorus braueri Vogt, 1911"
  },
  {
    "sourceScientificName": "Microhyla ornata (Duméril & Bibron, 1841)"
  },
  {
    "sourceScientificName": "Rana narina swinhoana (Boulenger, 1903)"
  },
  {
    "sourceScientificName": "Limnonectes kuhlii (Tschudi, 1838)"
  },
  {
    "sourceScientificName": "Rhacophorus moltrechti Boulenger, 1908"
  },
  {
    "sourceScientificName": "Hoplobatrachus rugulosus (Wiegmann, 1834)"
  },
  {
    "sourceScientificName": "Kurixalus berylliniris Wu, Huang, Tsai, Lin, Jhang & Wu, 2016"
  },
  {
    "sourceScientificName": "Microhyla heymonsi Vogt, 1911"
  },
  {
    "sourceScientificName": "Chirixalus idiootocus Kuramoto & Wang, 1987"
  },
  {
    "sourceScientificName": "Bufo melanostictus Schneider, 1799"
  },
  {
    "sourceScientificName": "Micryletta inornata (Boulenger, 1890)"
  },
  {
    "sourceScientificName": "Chirixalus eiffingeri (Boettger, 1895)"
  },
  {
    "sourceScientificName": "Buergeria japonica (Hallowell, 1861)"
  },
  {
    "sourceScientificName": "Rana plancyi Lataste, 1880"
  },
  {
    "sourceScientificName": "Rana Linnaeus, 1758"
  },
  {
    "sourceScientificName": "Rhacophorus Kuhl & van Hasselt, 1822"
  },
  {
    "sourceScientificName": "Rhacophorus taipeianus Liang & Wang, 1978"
  },
  {
    "sourceScientificName": "Bufo Garsault, 1764"
  },
  {
    "sourceScientificName": "Hylarana taipehensis (Van Denburgh, 1909)"
  },
  {
    "sourceScientificName": "Microhyla butleri Boulenger, 1900"
  },
  {
    "sourceScientificName": "Hylarana guentheri (Boulenger, 1882)"
  },
  {
    "sourceScientificName": "Pelophylax"
  },
  {
    "sourceScientificName": "Rhacophorus aurantiventris Lue, Lai & Chen, 1994"
  },
  {
    "sourceScientificName": "Rhacophorus prasinatus Mou, Risch & Lue, 1983"
  },
  {
    "sourceScientificName": "Nidirana okinavana (Boettger, 1895)"
  },
  {
    "sourceScientificName": "Babina adenopleura (Boulenger, 1909)"
  },
  {
    "sourceScientificName": "Fejervarya cancrivora (Gravenhorst, 1829)"
  },
  {
    "sourceScientificName": "Hynobius Tschudi, 1838"
  },
  {
    "sourceScientificName": "Microhyla inornata Boulenger, 1890"
  },
  {
    "sourceScientificName": "Chirixalus Boulenger, 1893"
  },
  {
    "sourceScientificName": "Polypedates"
  },
  {
    "sourceScientificName": "Rhinella marina"
  },
  {
    "sourceScientificName": "Ranidae Batsch, 1796"
  },
  {
    "sourceScientificName": "Bufonidae Gray, 1825"
  },
  {
    "sourceScientificName": "Buergeria Tschudi, 1838"
  },
  {
    "sourceScientificName": "Babina Thompson, 1912"
  },
  {
    "sourceScientificName": "Hyla"
  },
  {
    "sourceScientificName": "Hynobius fucus Lai & Lue, 2008"
  },
  {
    "sourceScientificName": "Rhinella marina (Linnaeus, 1758)"
  },
  {
    "sourceScientificName": "Rhacophorus arvalis Lue, Lai & Chen, 1995"
  },
  {
    "sourceScientificName": "Hoplobatrachus Peters, 1863"
  },
  {
    "sourceScientificName": "Lithobates catesbeianus (Shaw, 1802)"
  },
  {
    "sourceScientificName": "Rana (Rana) catesbeiana Shaw, 1802"
  },
  {
    "sourceScientificName": "Rana (Sylvirana) guentheri Boulenger, 1882"
  },
  {
    "sourceScientificName": "Fejervarya kawamurai Djong, Matsui, Kuramoto, Nishioka,&Sumida, 2011"
  },
  {
    "sourceScientificName": "Rhacophoridae"
  },
  {
    "sourceScientificName": "Rana fukienensis Pope, 1929"
  },
  {
    "sourceScientificName": "Hynobius glacialis Lai & Lue, 2008"
  },
  {
    "sourceScientificName": "Ranidae"
  },
  {
    "sourceScientificName": "Bufonidae"
  },
  {
    "sourceScientificName": "Buergeria"
  },
  {
    "sourceScientificName": "Pseudoamolops"
  },
  {
    "sourceScientificName": "Microhylidae"
  },
  {
    "sourceScientificName": "Dicroglossidae"
  },
  {
    "sourceScientificName": "Rana"
  },
  {
    "sourceScientificName": "Micryletta"
  },
  {
    "sourceScientificName": "Kaloula"
  }
]