[
  {
    "sourceScientificName": "Argiope aemula"
  },
  {
    "sourceScientificName": "Eriovixia laglaizei"
  },
  {
    "sourceScientificName": "Leucauge"
  },
  {
    "sourceScientificName": "Trichonephila clavata"
  },
  {
    "sourceScientificName": "Gnathopalystes taiwanensis"
  },
  {
    "sourceScientificName": "Peucetia formosensis"
  },
  {
    "sourceScientificName": "Poltys"
  },
  {
    "sourceScientificName": "Neoscona"
  },
  {
    "sourceScientificName": "Tylorida ventralis"
  },
  {
    "sourceScientificName": "Argiope perforata"
  },
  {
    "sourceScientificName": "Poltys illepidus"
  },
  {
    "sourceScientificName": "Eriovixia excelsa"
  },
  {
    "sourceScientificName": "Cyrtophora moluccensis"
  },
  {
    "sourceScientificName": "Neoscona punctigera"
  },
  {
    "sourceScientificName": "Gasteracantha kuhli"
  },
  {
    "sourceScientificName": "Argiope aetheroides"
  },
  {
    "sourceScientificName": "Nephila pilipes"
  },
  {
    "sourceScientificName": "Araneidae"
  },
  {
    "sourceScientificName": "Salticidae"
  },
  {
    "sourceScientificName": " "
  },
  {
    "sourceScientificName": "Hippasa holmerae"
  },
  {
    "sourceScientificName": "Argyrodes"
  },
  {
    "sourceScientificName": "Chrysso scintillans"
  },
  {
    "sourceScientificName": "Chikunia nigra"
  },
  {
    "sourceScientificName": "Meotipa spiniventris"
  },
  {
    "sourceScientificName": "Cyclosa octotuberculata"
  },
  {
    "sourceScientificName": "Cyclosa"
  },
  {
    "sourceScientificName": "Gnaphosidae"
  },
  {
    "sourceScientificName": "Paiwana chengpoi"
  },
  {
    "sourceScientificName": "Thelcticopis severa"
  },
  {
    "sourceScientificName": "Hersilia montana"
  },
  {
    "sourceScientificName": "Heteropoda pingtungensis"
  },
  {
    "sourceScientificName": "Thelacantha brevispina"
  },
  {
    "sourceScientificName": "Paiwana pingtung"
  },
  {
    "sourceScientificName": "Uthina"
  },
  {
    "sourceScientificName": "Hersilia"
  },
  {
    "sourceScientificName": "Menemerus"
  },
  {
    "sourceScientificName": "Oxyopidae"
  },
  {
    "sourceScientificName": "Leucauge blanda"
  },
  {
    "sourceScientificName": "Thiania suboppressa"
  },
  {
    "sourceScientificName": "Cyrtophora exanthematica"
  },
  {
    "sourceScientificName": "Oxyopes sertatus"
  },
  {
    "sourceScientificName": "Oxyopes"
  },
  {
    "sourceScientificName": "Leucauge celebesiana"
  },
  {
    "sourceScientificName": "Tetragnatha"
  },
  {
    "sourceScientificName": "Smeringopus pallidus"
  },
  {
    "sourceScientificName": "Hasarius adansoni"
  },
  {
    "sourceScientificName": "Tylorida"
  },
  {
    "sourceScientificName": "Macrothele"
  },
  {
    "sourceScientificName": "Ptocasius strupifer"
  },
  {
    "sourceScientificName": "Phintelloides versicolor"
  },
  {
    "sourceScientificName": "Portia"
  },
  {
    "sourceScientificName": "Bijoaraneus mitificus"
  },
  {
    "sourceScientificName": "Pseudopoda"
  },
  {
    "sourceScientificName": "Boliscus tuberculatus"
  },
  {
    "sourceScientificName": "Eriovixia pseudocentrodes"
  },
  {
    "sourceScientificName": "Telamonia festiva"
  },
  {
    "sourceScientificName": "Araneus viridiventris"
  },
  {
    "sourceScientificName": "Plexippus paykulli"
  },
  {
    "sourceScientificName": "Oxytate"
  },
  {
    "sourceScientificName": "Parawixia dehaani"
  },
  {
    "sourceScientificName": "Oxyopes macilentus"
  },
  {
    "sourceScientificName": "Gea spinipes"
  },
  {
    "sourceScientificName": "Herennia multipuncta"
  },
  {
    "sourceScientificName": "Belisana junkoae"
  },
  {
    "sourceScientificName": "Pholcus"
  },
  {
    "sourceScientificName": "Crossopriza lyoni"
  },
  {
    "sourceScientificName": "Heteropoda venatoria"
  },
  {
    "sourceScientificName": "Argiope ocula"
  },
  {
    "sourceScientificName": "Euophrys"
  },
  {
    "sourceScientificName": "Thomisidae"
  },
  {
    "sourceScientificName": "Cyclosa mulmeinensis"
  },
  {
    "sourceScientificName": "Ebrechtella tricuspidata"
  },
  {
    "sourceScientificName": "Halonoproctidae"
  },
  {
    "sourceScientificName": "Bowie yaeyamensis"
  },
  {
    "sourceScientificName": "Zelotes"
  },
  {
    "sourceScientificName": "Harmochirus brachiatus"
  },
  {
    "sourceScientificName": "Theridiidae"
  },
  {
    "sourceScientificName": "Lycosidae"
  },
  {
    "sourceScientificName": "Chrysso foliata"
  },
  {
    "sourceScientificName": "Lycosa"
  },
  {
    "sourceScientificName": "Neoscona inusta"
  },
  {
    "sourceScientificName": "Scytodes pallida"
  },
  {
    "sourceScientificName": "Sparassidae"
  },
  {
    "sourceScientificName": "Cyclosa ginnaga"
  },
  {
    "sourceScientificName": "Pisauridae"
  },
  {
    "sourceScientificName": "Psechrus"
  },
  {
    "sourceScientificName": "Plebs"
  },
  {
    "sourceScientificName": "Epeus glorius"
  },
  {
    "sourceScientificName": "Yaginumaella lobata"
  },
  {
    "sourceScientificName": "Angaeus rhombifer"
  },
  {
    "sourceScientificName": "Heteropoda"
  },
  {
    "sourceScientificName": "Bhutaniella"
  },
  {
    "sourceScientificName": "Agelenidae"
  },
  {
    "sourceScientificName": "Alenatea"
  },
  {
    "sourceScientificName": "Neoscona vigilans"
  },
  {
    "sourceScientificName": "Rhene atrata"
  },
  {
    "sourceScientificName": "Araneus"
  },
  {
    "sourceScientificName": "Uloboridae"
  },
  {
    "sourceScientificName": "Thelacantha"
  },
  {
    "sourceScientificName": "Tetragnathidae"
  },
  {
    "sourceScientificName": "Parasteatoda"
  },
  {
    "sourceScientificName": "Leucauge tessellata"
  },
  {
    "sourceScientificName": "Argiope minuta"
  },
  {
    "sourceScientificName": "Gasteracantha sauteri"
  },
  {
    "sourceScientificName": "Runcinia"
  },
  {
    "sourceScientificName": "Dolomedes mizhoanus"
  },
  {
    "sourceScientificName": "Myrmarachne"
  },
  {
    "sourceScientificName": "Thomisus okinawensis"
  },
  {
    "sourceScientificName": "Phrynarachne ceylonica"
  },
  {
    "sourceScientificName": "Diaea subdola"
  },
  {
    "sourceScientificName": "Parasteatoda angulithorax"
  },
  {
    "sourceScientificName": "Arachnura melanura"
  },
  {
    "sourceScientificName": "Anepsion roeweri"
  },
  {
    "sourceScientificName": "Thomisus labefactus"
  },
  {
    "sourceScientificName": "Cyrtarachne inaequalis"
  },
  {
    "sourceScientificName": "Mastira"
  },
  {
    "sourceScientificName": "Eriovixia sakiedaorum"
  },
  {
    "sourceScientificName": "Rhene"
  },
  {
    "sourceScientificName": "Cheiracanthiidae"
  },
  {
    "sourceScientificName": "Cyclosa confusa"
  },
  {
    "sourceScientificName": "Tmarus"
  },
  {
    "sourceScientificName": "Argiope"
  },
  {
    "sourceScientificName": "Tetragnatha squamata"
  },
  {
    "sourceScientificName": "Hamadruas"
  },
  {
    "sourceScientificName": "Tmarus taiwanus"
  },
  {
    "sourceScientificName": "Cheiracanthium"
  },
  {
    "sourceScientificName": "Zebraplatys bulbus"
  },
  {
    "sourceScientificName": "Chrysso trimaculata"
  },
  {
    "sourceScientificName": "Cyrtarachne bufo"
  },
  {
    "sourceScientificName": "Toxeus magnus"
  },
  {
    "sourceScientificName": "Linyphiidae"
  },
  {
    "sourceScientificName": "Lysiteles"
  },
  {
    "sourceScientificName": "Chrysso"
  },
  {
    "sourceScientificName": "Argyrodes miniaceus"
  },
  {
    "sourceScientificName": "Dolomedes"
  },
  {
    "sourceScientificName": "Matidia"
  },
  {
    "sourceScientificName": "Oxytate hoshizuna"
  },
  {
    "sourceScientificName": "Argyrodes fissifrons"
  },
  {
    "sourceScientificName": "Zosis geniculata"
  },
  {
    "sourceScientificName": "Cyrtophora unicolor"
  },
  {
    "sourceScientificName": "Aoaraneus pentagrammicus"
  },
  {
    "sourceScientificName": "Poltys idae"
  },
  {
    "sourceScientificName": "Bhutaniella latissima"
  },
  {
    "sourceScientificName": "Lycosa coelestis"
  },
  {
    "sourceScientificName": "Pardosa"
  },
  {
    "sourceScientificName": "Carrhotus"
  },
  {
    "sourceScientificName": "Lipocrea"
  },
  {
    "sourceScientificName": "Pholcidae"
  },
  {
    "sourceScientificName": "Trochosa"
  },
  {
    "sourceScientificName": "Neriene"
  },
  {
    "sourceScientificName": "Cyrtophora"
  },
  {
    "sourceScientificName": "Argyrodes flavescens"
  },
  {
    "sourceScientificName": "Philodromus"
  },
  {
    "sourceScientificName": "Siler cupreus"
  },
  {
    "sourceScientificName": "Cosmophasis lami"
  },
  {
    "sourceScientificName": "Araneus ventricosus"
  },
  {
    "sourceScientificName": "Thelcticopis"
  },
  {
    "sourceScientificName": "Thiania"
  },
  {
    "sourceScientificName": "Agelena tungchis"
  },
  {
    "sourceScientificName": "Plexippus"
  },
  {
    "sourceScientificName": "Thomisus"
  },
  {
    "sourceScientificName": "Ariamnes cylindrogaster"
  },
  {
    "sourceScientificName": "Araneus ejusmodi"
  },
  {
    "sourceScientificName": "Phintella"
  },
  {
    "sourceScientificName": "Oecobius"
  },
  {
    "sourceScientificName": "Nihonhimea japonica"
  },
  {
    "sourceScientificName": "Platnickina"
  },
  {
    "sourceScientificName": "Chrysso lingchuanensis"
  },
  {
    "sourceScientificName": "Phintella debilis"
  },
  {
    "sourceScientificName": "Oxytate striatipes"
  },
  {
    "sourceScientificName": "Dolomedes raptor"
  },
  {
    "sourceScientificName": "Lariniaria"
  },
  {
    "sourceScientificName": "Epeus"
  },
  {
    "sourceScientificName": "Dolomedes sulfureus"
  },
  {
    "sourceScientificName": "Hyptiotes"
  },
  {
    "sourceScientificName": "Nungia epigynalis"
  },
  {
    "sourceScientificName": "Clubiona"
  },
  {
    "sourceScientificName": "Mallinella"
  },
  {
    "sourceScientificName": "Clubionidae"
  },
  {
    "sourceScientificName": "Olios scalptor"
  },
  {
    "sourceScientificName": "Tetragnatha ceylonica"
  },
  {
    "sourceScientificName": "Phrynarachne mammillata"
  },
  {
    "sourceScientificName": "Miagrammopes orientalis"
  },
  {
    "sourceScientificName": "Neoscona nautica"
  },
  {
    "sourceScientificName": "Telamonia vlijmi"
  },
  {
    "sourceScientificName": "Tylorida striata"
  },
  {
    "sourceScientificName": "Parasteatoda kentingensis"
  },
  {
    "sourceScientificName": "Oxyopes striagatus"
  },
  {
    "sourceScientificName": "Clubiona deletrix"
  },
  {
    "sourceScientificName": "Cheiracanthium taiwanicum"
  },
  {
    "sourceScientificName": "Siamspinops formosensis"
  },
  {
    "sourceScientificName": "Campanicola"
  },
  {
    "sourceScientificName": "Arachnura"
  },
  {
    "sourceScientificName": "Cyrtarachne yunoharuensis"
  },
  {
    "sourceScientificName": "Peucetia"
  },
  {
    "sourceScientificName": "Hamadruas hieroglyphica"
  },
  {
    "sourceScientificName": "Pardosa laura"
  },
  {
    "sourceScientificName": "Paraplectana tsushimensis"
  },
  {
    "sourceScientificName": "Pasilobus bufoninus"
  },
  {
    "sourceScientificName": "Chrysilla lauta"
  },
  {
    "sourceScientificName": "Bucliona jucunda"
  },
  {
    "sourceScientificName": "Araneae"
  },
  {
    "sourceScientificName": "Ebrechtella pseudovatia"
  },
  {
    "sourceScientificName": "Nilus phipsoni"
  },
  {
    "sourceScientificName": "Corinnomma severum"
  },
  {
    "sourceScientificName": "Eriovixia"
  },
  {
    "sourceScientificName": "Scytodes"
  },
  {
    "sourceScientificName": "Philodromidae"
  },
  {
    "sourceScientificName": "Turinyphia"
  },
  {
    "sourceScientificName": "Rhomphaea"
  },
  {
    "sourceScientificName": "Burmattus pococki"
  },
  {
    "sourceScientificName": "Calommata"
  },
  {
    "sourceScientificName": "Pancorius magnus"
  },
  {
    "sourceScientificName": "Parasteatoda ryukyu"
  },
  {
    "sourceScientificName": "Parasteatoda taiwanica"
  },
  {
    "sourceScientificName": "Pisaura"
  },
  {
    "sourceScientificName": "Tetragnatha mandibulata"
  },
  {
    "sourceScientificName": "Runcinia insecta"
  },
  {
    "sourceScientificName": "Nurscia albofasciata"
  },
  {
    "sourceScientificName": "Oia imadatei"
  },
  {
    "sourceScientificName": "Cyrba"
  },
  {
    "sourceScientificName": "Tylorida tianlin"
  },
  {
    "sourceScientificName": "Evarcha"
  },
  {
    "sourceScientificName": "Xysticus"
  },
  {
    "sourceScientificName": "Otacilia"
  },
  {
    "sourceScientificName": "Cyclosa argentata"
  },
  {
    "sourceScientificName": "Carrhotus sannio"
  },
  {
    "sourceScientificName": "Theridion"
  },
  {
    "sourceScientificName": "Uloborus"
  },
  {
    "sourceScientificName": "Sitticus"
  },
  {
    "sourceScientificName": "Piratula"
  },
  {
    "sourceScientificName": "Menemerus fulvus"
  },
  {
    "sourceScientificName": "Phintelloides"
  },
  {
    "sourceScientificName": "Menemerus bivittatus"
  },
  {
    "sourceScientificName": "Hygropoda higenaga"
  },
  {
    "sourceScientificName": "Pardosa pseudoannulata"
  },
  {
    "sourceScientificName": "Alcimochthes"
  },
  {
    "sourceScientificName": "Carrhotus viduus"
  },
  {
    "sourceScientificName": "Carrhotus xanthogramma"
  },
  {
    "sourceScientificName": "Pardosa astrigera"
  },
  {
    "sourceScientificName": "Pisaura bicornis"
  },
  {
    "sourceScientificName": "Neoscona scylloides"
  },
  {
    "sourceScientificName": "Pseudopoda serrata"
  },
  {
    "sourceScientificName": "Araneus seminiger"
  },
  {
    "sourceScientificName": "Pseudicius"
  },
  {
    "sourceScientificName": "Cyrtarachne nagasakiensis"
  },
  {
    "sourceScientificName": "Xysticus croceus"
  },
  {
    "sourceScientificName": "Matidia spatulata"
  },
  {
    "sourceScientificName": "Rhomphaea labiata"
  },
  {
    "sourceScientificName": "Dolomedes saganus"
  },
  {
    "sourceScientificName": "Portia taiwanica"
  },
  {
    "sourceScientificName": "Epocilla calcarata"
  },
  {
    "sourceScientificName": "Attulus penicillatus"
  },
  {
    "sourceScientificName": "Metleucauge chikunii"
  },
  {
    "sourceScientificName": "Thalassius"
  },
  {
    "sourceScientificName": "Gnaphosa"
  },
  {
    "sourceScientificName": "Ocrisiona frenata"
  },
  {
    "sourceScientificName": "Hersilia striata"
  },
  {
    "sourceScientificName": "Heteropoda simplex"
  },
  {
    "sourceScientificName": "Argyrodes bonadea"
  },
  {
    "sourceScientificName": "Cheiracanthium falcatum"
  },
  {
    "sourceScientificName": "Hersiliidae"
  },
  {
    "sourceScientificName": "Hersilia asiatica"
  },
  {
    "sourceScientificName": "Macrothele taiwanensis"
  },
  {
    "sourceScientificName": "Plexippus petersi"
  },
  {
    "sourceScientificName": "Phrynarachne"
  },
  {
    "sourceScientificName": "Phintella linea"
  },
  {
    "sourceScientificName": "Lariniaria argiopiformis"
  },
  {
    "sourceScientificName": "Steatoda cingulata"
  },
  {
    "sourceScientificName": "Steatoda"
  },
  {
    "sourceScientificName": "Myrmarachne inermichelis"
  },
  {
    "sourceScientificName": "Parasteatoda tepidariorum"
  },
  {
    "sourceScientificName": "Pakawops"
  },
  {
    "sourceScientificName": "Dolichognatha"
  },
  {
    "sourceScientificName": "Plebs astridae"
  },
  {
    "sourceScientificName": "Ptocasius"
  },
  {
    "sourceScientificName": "Toxeus latithoracicus"
  },
  {
    "sourceScientificName": "Conothele"
  },
  {
    "sourceScientificName": "Strigoplus"
  },
  {
    "sourceScientificName": "Latouchea fokiensis Franch."
  },
  {
    "sourceScientificName": "Nyssa sinensis Oliv."
  },
  {
    "sourceScientificName": "Opadometa"
  },
  {
    "sourceScientificName": "Nephila"
  },
  {
    "sourceScientificName": "Myrmarachne formosicola"
  },
  {
    "sourceScientificName": "Herennia"
  },
  {
    "sourceScientificName": "Harmochirus"
  },
  {
    "sourceScientificName": "Pardosa takahashii"
  },
  {
    "sourceScientificName": "Spermophora"
  },
  {
    "sourceScientificName": "Chrysso lativentris"
  },
  {
    "sourceScientificName": "Lycosa phipsoni"
  },
  {
    "sourceScientificName": "Episinus"
  },
  {
    "sourceScientificName": "Dipluridae"
  },
  {
    "sourceScientificName": "Spartaeus"
  },
  {
    "sourceScientificName": "Tetragnatha keyserlingi"
  },
  {
    "sourceScientificName": "Araneus roseomaculatus"
  },
  {
    "sourceScientificName": "Gasteracantha"
  },
  {
    "sourceScientificName": "Meotipa argyrodiformis"
  },
  {
    "sourceScientificName": "Cyrtophora ikomosanensis"
  },
  {
    "sourceScientificName": "Olios"
  },
  {
    "sourceScientificName": "Telamonia"
  },
  {
    "sourceScientificName": "Liocranidae"
  },
  {
    "sourceScientificName": "Phoroncidia"
  },
  {
    "sourceScientificName": "Pancorius crassipes"
  },
  {
    "sourceScientificName": "Gasteracantha cancriformis"
  },
  {
    "sourceScientificName": "Hippasa"
  },
  {
    "sourceScientificName": "Pycnaxis truciformis"
  },
  {
    "sourceScientificName": "Meotipa"
  },
  {
    "sourceScientificName": "Cytaea"
  },
  {
    "sourceScientificName": "Psechridae"
  },
  {
    "sourceScientificName": "Macrothele hungae"
  },
  {
    "sourceScientificName": "Phoroncidia ryukyuensis"
  },
  {
    "sourceScientificName": "Neriene albolimbata"
  },
  {
    "sourceScientificName": "Molione triacantha"
  },
  {
    "sourceScientificName": "Latouchia formosensis"
  },
  {
    "sourceScientificName": "Chrysilla"
  },
  {
    "sourceScientificName": "Octonoba"
  },
  {
    "sourceScientificName": "Mendoza elongata"
  },
  {
    "sourceScientificName": "Neoscona scylla"
  },
  {
    "sourceScientificName": "Conothele taiwanensis"
  },
  {
    "sourceScientificName": "Mastira bipunctata"
  },
  {
    "sourceScientificName": "Cyrtarachne"
  },
  {
    "sourceScientificName": "Cheiracanthium eutittha"
  },
  {
    "sourceScientificName": "Perenethis"
  },
  {
    "sourceScientificName": "Poltys nigrinus"
  },
  {
    "sourceScientificName": "Atypena formosana"
  },
  {
    "sourceScientificName": "Rhomphaea sagana"
  },
  {
    "sourceScientificName": "Hexathelidae"
  },
  {
    "sourceScientificName": "Callitrichia"
  },
  {
    "sourceScientificName": "Chinophrys wuae"
  },
  {
    "sourceScientificName": "Acusilas"
  },
  {
    "sourceScientificName": "Moneta"
  },
  {
    "sourceScientificName": "Zelotes asiaticus"
  },
  {
    "sourceScientificName": "Zosis"
  },
  {
    "sourceScientificName": "Leucauge fastigata"
  },
  {
    "sourceScientificName": "Crossopriza"
  },
  {
    "sourceScientificName": "Ebrechtella"
  },
  {
    "sourceScientificName": "Zodariidae"
  },
  {
    "sourceScientificName": "Argyrodes kumadai"
  },
  {
    "sourceScientificName": "Yaginumaella"
  },
  {
    "sourceScientificName": "Myrmarachne japonica"
  },
  {
    "sourceScientificName": "Grandilithus taiwanica"
  },
  {
    "sourceScientificName": "Phycosoma mustelinum"
  },
  {
    "sourceScientificName": "Tetragnatha praedonia"
  },
  {
    "sourceScientificName": "Anyphaenidae"
  },
  {
    "sourceScientificName": "Anahita fauna"
  },
  {
    "sourceScientificName": "Episinus yoshidai"
  },
  {
    "sourceScientificName": "Moneta mirabilis"
  },
  {
    "sourceScientificName": "Miagrammopes"
  },
  {
    "sourceScientificName": "Hitobia"
  },
  {
    "sourceScientificName": "Neoscona adianta"
  },
  {
    "sourceScientificName": "Dolichognatha umbrophila"
  },
  {
    "sourceScientificName": "Anahita"
  },
  {
    "sourceScientificName": "Hylyphantes graminicola"
  },
  {
    "sourceScientificName": "Dolomedes sp.001   "
  },
  {
    "sourceScientificName": "Heteropoda venatoria (Linnaeus,1881)  "
  },
  {
    "sourceScientificName": "Hersilia savignyi Lucas,1836  "
  },
  {
    "sourceScientificName": "Arctosa sp.   "
  },
  {
    "sourceScientificName": "Ctenus sp.   "
  },
  {
    "sourceScientificName": "Leucauge sp.002   "
  },
  {
    "sourceScientificName": "Tetragnatha sp.008   "
  },
  {
    "sourceScientificName": "Chrysilla versicolor (Koch C. L.,1846)  "
  },
  {
    "sourceScientificName": "Oxyopes sertatus L. Koch,1877  "
  },
  {
    "sourceScientificName": "Ariamnes cylindrogaster Simon,1888  "
  },
  {
    "sourceScientificName": "Plexippus paykulii (Audouin,1827)  "
  },
  {
    "sourceScientificName": "Hasarius adansoni (Audouin,1827)  "
  },
  {
    "sourceScientificName": "Nephila maculata (Fabricius,1793)  "
  },
  {
    "sourceScientificName": "Araneus pentagrammicus (Karsch,1879)  "
  },
  {
    "sourceScientificName": "Argiope aemula Thorell,1873  "
  },
  {
    "sourceScientificName": "Silerella sp.001   "
  },
  {
    "sourceScientificName": "Silerella sp.002   "
  },
  {
    "sourceScientificName": "Nephila sp.001   "
  },
  {
    "sourceScientificName": "Cyrtophora exanthematica (Doleschall,1895)  "
  },
  {
    "sourceScientificName": "Cyrtophora moluccensis (Doleschall,1857)  "
  },
  {
    "sourceScientificName": "Gasteracantha sauteri (F. Dahl,1914)  "
  },
  {
    "sourceScientificName": "Gasteracantha cancriformis Linnaeus,1758  "
  },
  {
    "sourceScientificName": "Argiope aethrea (Walckenaer,1841)  "
  },
  {
    "sourceScientificName": "Arachnura melanura Simon,1867  "
  },
  {
    "sourceScientificName": "Achaearanea japonica (Bosenberg et Strand)  "
  },
  {
    "sourceScientificName": "Achaearanea tepidariorum (C. Koch)  "
  },
  {
    "sourceScientificName": "Anepsion sp.001   "
  },
  {
    "sourceScientificName": "Myrmarachne innermichelis Boesenberg et Strand  "
  },
  {
    "sourceScientificName": "Tylorida striata (Thorell)  "
  },
  {
    "sourceScientificName": "Meta kompirensis   "
  },
  {
    "sourceScientificName": "Meta yunobamensis Boesenberg et Strand  "
  },
  {
    "sourceScientificName": "Runcinia albostriata Boesenberg et Strand  "
  },
  {
    "sourceScientificName": "Thomisus labefactus Karsch  "
  },
  {
    "sourceScientificName": "Chiracanthium lascivum   "
  },
  {
    "sourceScientificName": "Neoscona sp.001   "
  },
  {
    "sourceScientificName": "Gasteracantha kuhlii C. Koch,1838  "
  },
  {
    "sourceScientificName": "Araneus dehaani (Doleschall,1859)  "
  },
  {
    "sourceScientificName": "Miagrammopes orientalis Boesenberg et Strand  "
  },
  {
    "sourceScientificName": "Nephila clavata L. Koch,1877  "
  },
  {
    "sourceScientificName": "Psechrus torvus O.P. Cambridge,1869  "
  },
  {
    "sourceScientificName": "Uloborus sp.001   "
  },
  {
    "sourceScientificName": "Conopistha miniacea (Doleschall,1857)  "
  },
  {
    "sourceScientificName": "Crossopriza lyoni (Blackwall,1867)  "
  },
  {
    "sourceScientificName": "Pardosa pseudoannulata (Bosenberg et Strand)  "
  },
  {
    "sourceScientificName": "Pardosa takahashii Saito  "
  },
  {
    "sourceScientificName": "Alopecosa sp.001   "
  },
  {
    "sourceScientificName": "Spermophora senoculata (Duges)  "
  },
  {
    "sourceScientificName": "Araneus laglaizai (Simon,1877)  "
  },
  {
    "sourceScientificName": "Spermophora sp.001   "
  },
  {
    "sourceScientificName": "Larinia sp.001   "
  },
  {
    "sourceScientificName": "Phintella sp.001   "
  },
  {
    "sourceScientificName": "Myrmarachne sp.001   "
  },
  {
    "sourceScientificName": "Neoscona theisi (Walckenaer,1841)  "
  },
  {
    "sourceScientificName": "Neoscona sp.002   "
  },
  {
    "sourceScientificName": "Conopistha fissifrons (O.P. Cambridge,1869)  "
  },
  {
    "sourceScientificName": "Theridion rapulum Yaginuma  "
  },
  {
    "sourceScientificName": "Tetragnatha sp.001   "
  },
  {
    "sourceScientificName": "Tetragnatha sp.002   "
  },
  {
    "sourceScientificName": "Tetragnatha sp.003   "
  },
  {
    "sourceScientificName": "Tetragnatha sp.004   "
  },
  {
    "sourceScientificName": "Tetragnatha sp.005   "
  },
  {
    "sourceScientificName": "Tetragnatha sp.006   "
  },
  {
    "sourceScientificName": "Tetragnatha sp.007   "
  },
  {
    "sourceScientificName": "Theridion spiniventre O.P. Cambridge,1869  "
  },
  {
    "sourceScientificName": "Chrysso venusta (Yaginuma,1957)  "
  },
  {
    "sourceScientificName": "Araneus ejusmodi Boesenberg et Strand  "
  },
  {
    "sourceScientificName": "Misumenops japonicus (Bosenberg et Strand)  "
  },
  {
    "sourceScientificName": "Hahnia corticicola Boesenberg et Strand  "
  },
  {
    "sourceScientificName": "Misumenops tricuspidatus (Fabricius)  "
  },
  {
    "sourceScientificName": "Tegenaria domestica (Clerck)  "
  },
  {
    "sourceScientificName": "Oxyopes sp.001   "
  },
  {
    "sourceScientificName": "Argiope minuta Karsch  "
  },
  {
    "sourceScientificName": "Argiope sp.001   "
  },
  {
    "sourceScientificName": "Leucauge sp.007   "
  },
  {
    "sourceScientificName": "Tetragnatha sp.009   "
  },
  {
    "sourceScientificName": "Argyrodes bonadea (Karsch)  "
  },
  {
    "sourceScientificName": "Araneus sp.002   "
  },
  {
    "sourceScientificName": "Pholcus sp.002   "
  },
  {
    "sourceScientificName": "Scytodes sp.001   "
  },
  {
    "sourceScientificName": "Argiope keyserlingi Karsch  "
  },
  {
    "sourceScientificName": "Tylorida sp.001   "
  },
  {
    "sourceScientificName": "Macrothele sp.001   "
  },
  {
    "sourceScientificName": "Argyrodes sp.001   "
  },
  {
    "sourceScientificName": "Theridion sp.001   "
  },
  {
    "sourceScientificName": "Erigone prominens"
  },
  {
    "sourceScientificName": "Dictynidae"
  },
  {
    "sourceScientificName": "Larinia"
  },
  {
    "sourceScientificName": "Erigone"
  },
  {
    "sourceScientificName": "Piratula clercki"
  },
  {
    "sourceScientificName": "Ummeliata"
  },
  {
    "sourceScientificName": "Trochosa aquatica"
  },
  {
    "sourceScientificName": "Coleosoma"
  },
  {
    "sourceScientificName": "Oonopidae"
  },
  {
    "sourceScientificName": "Platnickina maculata"
  },
  {
    "sourceScientificName": "Hahnia corticicola"
  },
  {
    "sourceScientificName": "Venonia spirocysta"
  },
  {
    "sourceScientificName": "Pardosa oriens"
  },
  {
    "sourceScientificName": "Ummeliata insecticeps"
  },
  {
    "sourceScientificName": "Coleosoma octomaculatum"
  },
  {
    "sourceScientificName": "Pharta"
  },
  {
    "sourceScientificName": "Coleosoma floridanum"
  },
  {
    "sourceScientificName": "Dolomedes horishanus"
  },
  {
    "sourceScientificName": "Theridion elegantissimum"
  },
  {
    "sourceScientificName": "Psechrus taiwanensis"
  },
  {
    "sourceScientificName": "Myrmarachne formosana"
  },
  {
    "sourceScientificName": "Cyclosa conica"
  },
  {
    "sourceScientificName": "Pirata"
  },
  {
    "sourceScientificName": "Anelosimus"
  },
  {
    "sourceScientificName": "Gnathopalystes"
  },
  {
    "sourceScientificName": "Colosoma sp."
  },
  {
    "sourceScientificName": "Dozya japonica  "
  },
  {
    "sourceScientificName": "Arctoa fulvella  "
  },
  {
    "sourceScientificName": "Arctoa hyperboreum  "
  },
  {
    "sourceScientificName": "Aranea delicatula"
  },
  {
    "sourceScientificName": "Neoscona doenitzi"
  },
  {
    "sourceScientificName": "Takachihoa onoi"
  },
  {
    "sourceScientificName": "Gasteracantha raimondii"
  },
  {
    "sourceScientificName": "Argiope shillongensis"
  },
  {
    "sourceScientificName": "Zilla sagana"
  },
  {
    "sourceScientificName": "Pholcus elongatus"
  },
  {
    "sourceScientificName": "Aranea sebae"
  },
  {
    "sourceScientificName": "Epeira mangareva"
  },
  {
    "sourceScientificName": "Plectana hexacantha"
  },
  {
    "sourceScientificName": "Agelena civilis"
  },
  {
    "sourceScientificName": "Theridion borbonicum"
  },
  {
    "sourceScientificName": "Epeira segmentata"
  },
  {
    "sourceScientificName": "Clubiona maculata"
  },
  {
    "sourceScientificName": "Plectana sexserrata"
  },
  {
    "sourceScientificName": "Ariamnes argyrodiformis"
  },
  {
    "sourceScientificName": "Misumenops pseudovatius"
  },
  {
    "sourceScientificName": "Eriophora migra"
  },
  {
    "sourceScientificName": "Cheiracanthium adjacensoides"
  },
  {
    "sourceScientificName": "Asiacoelotes montivagus"
  },
  {
    "sourceScientificName": "Thomisus leucosius"
  },
  {
    "sourceScientificName": "Ebrechtella tricuspidatus"
  },
  {
    "sourceScientificName": "Tegenaria derhamii"
  },
  {
    "sourceScientificName": "Asiacoelotes ensifer"
  },
  {
    "sourceScientificName": "Olios leucosius"
  },
  {
    "sourceScientificName": "Aranea civilis"
  },
  {
    "sourceScientificName": "Plectana acuminata"
  },
  {
    "sourceScientificName": "Tetragnatha celebesiana"
  },
  {
    "sourceScientificName": "Walckenaeria anceps"
  },
  {
    "sourceScientificName": "Neoscona rumpfi"
  },
  {
    "sourceScientificName": "Aranea triquetra"
  },
  {
    "sourceScientificName": "Dipoena mustelina"
  },
  {
    "sourceScientificName": "Epeira chrysogaster"
  },
  {
    "sourceScientificName": "Epeira aemula"
  },
  {
    "sourceScientificName": "Epeira trifasciata"
  },
  {
    "sourceScientificName": "Aranea bicolor"
  },
  {
    "sourceScientificName": "Epeira tristis"
  },
  {
    "sourceScientificName": "Catheistela pentagrammica"
  },
  {
    "sourceScientificName": "Chrysso argyrodiformis"
  },
  {
    "sourceScientificName": "Icius davidi"
  },
  {
    "sourceScientificName": "Plectana cancriformis"
  },
  {
    "sourceScientificName": "Syrorisa mumfordi"
  },
  {
    "sourceScientificName": "Coelotes tengchihensis"
  },
  {
    "sourceScientificName": "Cyrtarachne inaquolis"
  },
  {
    "sourceScientificName": "Araneus pentagrammicus"
  },
  {
    "sourceScientificName": "Erigone graminicola"
  },
  {
    "sourceScientificName": "Pholcus tigrinus"
  },
  {
    "sourceScientificName": "Heteropoda shimen"
  },
  {
    "sourceScientificName": "Araneus fuscoloratus"
  },
  {
    "sourceScientificName": "Ummidia taiwanensis"
  },
  {
    "sourceScientificName": "Araneus pseudocentrodes"
  },
  {
    "sourceScientificName": "Tetragnatha nitens"
  },
  {
    "sourceScientificName": "Runcinia affinis"
  },
  {
    "sourceScientificName": "Tmarus rimosus"
  },
  {
    "sourceScientificName": "Araneus inustus"
  },
  {
    "sourceScientificName": "Callitrichia formosana"
  },
  {
    "sourceScientificName": "Pirata clercki"
  },
  {
    "sourceScientificName": "Leucauge decorata"
  },
  {
    "sourceScientificName": "Putaoa Seediq Gustavo Hormiga  "
  },
  {
    "sourceScientificName": "Laciniaria plicata (Draparnaud,1801) plicata "
  },
  {
    "sourceScientificName": "Latrodectus hasseltii Thorell,1870  "
  },
  {
    "sourceScientificName": "Cyrtarachne inaequalis Thorell,1895  "
  },
  {
    "sourceScientificName": "Dipoena maculosa sp. nov. Yoshida, Tso & Liu   "
  },
  {
    "sourceScientificName": "Dipoena mustelina (Simon,1888)  "
  },
  {
    "sourceScientificName": "Steatoda cingulata (Thorell,1890)  "
  },
  {
    "sourceScientificName": "Argyrodes nigroris Yoshida, Tso & Liu   "
  },
  {
    "sourceScientificName": "Argyrodes cylindrogaster (Simon,1888)  "
  },
  {
    "sourceScientificName": "Chrosiothes fulvus Yoshida, Tso & Liu   "
  },
  {
    "sourceScientificName": "Chrosiothes taiwan Yoshida, Tso & Liu   "
  },
  {
    "sourceScientificName": "Anelosimus taiwanicus yoshida,1986  "
  },
  {
    "sourceScientificName": "Theridion xianfengensis Zhu & Song  "
  },
  {
    "sourceScientificName": "Chrysso orchis Yoshida, Tso & Liu   "
  },
  {
    "sourceScientificName": "Chrysso vesiculosa (Simon,1894)  "
  },
  {
    "sourceScientificName": "Parasteatoda lanyuensis sp. nov. Yoshida, Tso & Liu   "
  },
  {
    "sourceScientificName": "Parasteatoda quadrimaculata sp. nov. Yoshida, Tso & Liu   "
  },
  {
    "sourceScientificName": "Coelotes bifida sp. nov. Wang, Tso & Wu  "
  },
  {
    "sourceScientificName": "Femoracoelotes latus sp. nov. Wang, Tso & Wu  "
  },
  {
    "sourceScientificName": "Iwogumoa longus Wang, Tso & Wu  "
  },
  {
    "sourceScientificName": "Nesticella taiwan Tso & Yoshida  "
  },
  {
    "sourceScientificName": "Nephila pilipes (Fabricius,1793)  "
  },
  {
    "sourceScientificName": "Aphantaulax tainanica Ueng & Wang  "
  },
  {
    "sourceScientificName": "Araneus viridiventris Yaginuma,1969  "
  },
  {
    "sourceScientificName": "Larinia fusiformis   "
  },
  {
    "sourceScientificName": "Zilla plumiopedella Yin et al.  "
  },
  {
    "sourceScientificName": "Thanatus miniaceus Simon,1880  "
  },
  {
    "sourceScientificName": "Portia fimbriata   "
  },
  {
    "sourceScientificName": "Dolichognatha umbrophila   "
  },
  {
    "sourceScientificName": "Parthenina quantoana (Nomura,1937)  "
  },
  {
    "sourceScientificName": "Araneus ventricosus (L. Koch,1877)  "
  },
  {
    "sourceScientificName": "Leucauge magnifica Yaginuma,1954  "
  },
  {
    "sourceScientificName": "Phacosoma sp.   "
  },
  {
    "sourceScientificName": "Helicopsis turcica (Holten,1802)  "
  },
  {
    "sourceScientificName": "Menemerus bivittatus (Dufour,1831)  "
  },
  {
    "sourceScientificName": "Ptocasius strupifer Simon,1901  "
  },
  {
    "sourceScientificName": "Euophrys taiwanus Chen, Lin & Ueng  "
  },
  {
    "sourceScientificName": "Evarcha chiayiensis Chen, Lin & Ueng  "
  },
  {
    "sourceScientificName": "Microbianor formosana Chen, Lin & Ueng  "
  },
  {
    "sourceScientificName": " angulosus (Karsch,1879)  "
  },
  {
    "sourceScientificName": "Carrhotus tristi Thorell,1895  "
  },
  {
    "sourceScientificName": "Evarcha bulbosa Zabka,1985  "
  },
  {
    "sourceScientificName": "Evarcha flavocincta (C. L. Koch,1846)  "
  },
  {
    "sourceScientificName": "Myrmarachne formosicola Strand,1910  "
  },
  {
    "sourceScientificName": "Plexippus petersi (Karsch,1878)  "
  },
  {
    "sourceScientificName": "Rhene rubrigera (Thorell,1887)  "
  },
  {
    "sourceScientificName": "Sibianor pullus (Boesenberg et Strand,1906)  "
  },
  {
    "sourceScientificName": "Synagelides zhilcovae Proszynski,1979  "
  },
  {
    "sourceScientificName": "Phintelloides versicolor (Koch,1846)  "
  },
  {
    "sourceScientificName": "Bothriocyrtum tractabile"
  },
  {
    "sourceScientificName": "Clubiona japonicola"
  },
  {
    "sourceScientificName": "Parasteatoda lunate"
  },
  {
    "sourceScientificName": "Lycosa formosana"
  },
  {
    "sourceScientificName": "Parawixia"
  },
  {
    "sourceScientificName": "Thomisus tricuspidatus"
  },
  {
    "sourceScientificName": "Leucauge sphenoida"
  },
  {
    "sourceScientificName": "Poltys illepidus L. C. Koch, 1843"
  },
  {
    "sourceScientificName": "Nephila pilipes Fabricius, 1793"
  },
  {
    "sourceScientificName": "Thiania suboppressa Strand, 1907"
  },
  {
    "sourceScientificName": "Siler cupreus Simon, 1899"
  },
  {
    "sourceScientificName": "Argiope aemula Walckenaer, 1842"
  },
  {
    "sourceScientificName": "Gasteracantha kuhli C. L. Koch, 1837"
  },
  {
    "sourceScientificName": "Carrhotus xanthogramma Latreille, 1819"
  },
  {
    "sourceScientificName": "Argiope aetheroides Yin, Wang & Zhang, 1989"
  },
  {
    "sourceScientificName": "Menemerus bivittatus (Dufour, 1831)"
  },
  {
    "sourceScientificName": "Dolomedes horishanus Kishida, 1936"
  },
  {
    "sourceScientificName": "Dolomedes sulfureus L. Koch, 1878"
  },
  {
    "sourceScientificName": "Heteropoda venatoria (Linnaeus, 1767)"
  },
  {
    "sourceScientificName": "Trichonephila clavata (L. Koch, 1878)"
  },
  {
    "sourceScientificName": "Neoscona punctigera Doleschall, 1857"
  },
  {
    "sourceScientificName": "Pardosa laura Karsch, 1879"
  },
  {
    "sourceScientificName": "Leucauge tessellata (Thorell, 1887)"
  },
  {
    "sourceScientificName": "Peucetia formosensis Kishida, 1930"
  },
  {
    "sourceScientificName": "Leucauge blanda L.Koch, 1878"
  },
  {
    "sourceScientificName": "Pardosa pseudoannulata (Bösenberg & Strand, 1906)"
  },
  {
    "sourceScientificName": "Phintelloides versicolor (C. L. Koch, 1846)"
  },
  {
    "sourceScientificName": "Chikunia nigra (O. P. Cambridge, 1880)"
  },
  {
    "sourceScientificName": "Leucauge celebesiana Walckenacer, 1842"
  },
  {
    "sourceScientificName": "Rhomphaea labiata (Zhu & Song, 1991)"
  },
  {
    "sourceScientificName": "Eriovixia laglaizei Simon, 1877"
  },
  {
    "sourceScientificName": "Toxeus magnus (Saito, 1933)"
  },
  {
    "sourceScientificName": "Hygropoda higenaga Kishida, 1936"
  },
  {
    "sourceScientificName": "Diaea subdola O. Pickard-Cambridge, 1885"
  },
  {
    "sourceScientificName": "Hippasa holmerae Thorell, 1895"
  },
  {
    "sourceScientificName": "Gasteracantha sauteri Dahl, 1914"
  },
  {
    "sourceScientificName": "Ptocasius strupifer Simon, 1901"
  },
  {
    "sourceScientificName": "Heteropoda pingtungensis Zhu & Tso, 2006"
  },
  {
    "sourceScientificName": "Micropholcus fauroti (Simon, 1887)"
  },
  {
    "sourceScientificName": "Parawixia dehaani Doleschall, 1859"
  },
  {
    "sourceScientificName": "Hasarius adansoni Audouin, 1826"
  },
  {
    "sourceScientificName": "Oxyopes macilentus L. Koch, 1878"
  },
  {
    "sourceScientificName": "Eriovixia excelsa (Simon, 1889)"
  },
  {
    "sourceScientificName": "Macrothelidae"
  },
  {
    "sourceScientificName": "Dolomedes raptor Bösenberg & Strand, 1906"
  },
  {
    "sourceScientificName": "Tylorida ventralis (Thorell, 1877)"
  },
  {
    "sourceScientificName": "Bijoaraneus mitificus (Simon, 1886)"
  },
  {
    "sourceScientificName": "Crossopriza lyoni (Blackwall, 1867)"
  },
  {
    "sourceScientificName": "Hamadruas hieroglyphica (Thorell, 1887)"
  },
  {
    "sourceScientificName": "Thomisus labefactus Karsch, 1881"
  },
  {
    "sourceScientificName": "Corinnomma severum (Thorell, 1877)"
  },
  {
    "sourceScientificName": "Cyrtophora exanthematica Doleschall, 1859"
  },
  {
    "sourceScientificName": "Epeus glorius Zabka, 1985"
  },
  {
    "sourceScientificName": "Ariamnes cylindrogaster Simon, 1889"
  },
  {
    "sourceScientificName": "Meotipa spiniventris (O. Pickard-Cambridge, 1869)"
  },
  {
    "sourceScientificName": "Hogna Simon, 1885"
  },
  {
    "sourceScientificName": "Parasteatoda tepidariorum C. L. Koch, 1841"
  },
  {
    "sourceScientificName": "Nihonhimea japonica (Bosenber & Strand, 1906)"
  },
  {
    "sourceScientificName": "Kelawakaju frenata (Simon, 1901)"
  },
  {
    "sourceScientificName": "Thelacantha brevispina (Doleschall, 1857)"
  },
  {
    "sourceScientificName": "Argiope chloreis Thorell, 1877"
  },
  {
    "sourceScientificName": "Latouchia formosensis Kayashima, 1943"
  },
  {
    "sourceScientificName": "Nungia epigynalis Zabka, 1985"
  },
  {
    "sourceScientificName": "Argiope minuta Karsch, 1879"
  },
  {
    "sourceScientificName": "Plexippus petersi (Karsch, 1878)"
  },
  {
    "sourceScientificName": "Bowie yaeyamensis (Yoshida, 1998)"
  },
  {
    "sourceScientificName": "Herennia multipuncta (Doleschall, 1859)"
  },
  {
    "sourceScientificName": "Chrysso lingchuanensis Zhu & Zhang, 1992"
  },
  {
    "sourceScientificName": "Eriovixia pseudocentrodes Bösenberg & Strand, 1906"
  },
  {
    "sourceScientificName": "Cyrtophora moluccensis (Doleschall, 1857)"
  },
  {
    "sourceScientificName": "Gea spinipes C. L. Koch, 1843"
  },
  {
    "sourceScientificName": "Oxytate striatipes L. Koch, 1878"
  },
  {
    "sourceScientificName": "Plexippus paykulli (Audouin, 1826)"
  },
  {
    "sourceScientificName": "Tetragnatha squamata Karsch, 1879"
  },
  {
    "sourceScientificName": "Atypus karschi Doenitz, 1887"
  },
  {
    "sourceScientificName": "Eriovixia sakiedaorum Tanikawa, 1999"
  },
  {
    "sourceScientificName": "Cyclosa mulmeinensis Thorell, 1887"
  },
  {
    "sourceScientificName": "Telamonia festiva Thorell, 1887"
  },
  {
    "sourceScientificName": "Telamonia vlijmi Prószyński, 1984"
  },
  {
    "sourceScientificName": "Cyrtarachne yunoharuensis Strand, 1918"
  },
  {
    "sourceScientificName": "Yaginumaella lobata Peng, Tso & Li, 2002"
  },
  {
    "sourceScientificName": "Araneus seminiger (L. Koch, 1878)"
  },
  {
    "sourceScientificName": "Gnathopalystes taiwanensis Zhu & Tso, 2006"
  },
  {
    "sourceScientificName": "Cyclosa confusa Bösenberg & Strand, 1906"
  },
  {
    "sourceScientificName": "Nesticodes rufipes Lucas, 1846"
  },
  {
    "sourceScientificName": "Conothele taiwanensis (Tso, Haupt & Zhu, 2003)"
  },
  {
    "sourceScientificName": "Phintella bifurcilinea (Bösenberg & Strand, 1906)"
  },
  {
    "sourceScientificName": "Phrynarachne ceylonica (O. Pickard-Cambridge, 1884)"
  },
  {
    "sourceScientificName": "Carrhotus sannio (Thorell, 1877)"
  },
  {
    "sourceScientificName": "Neoscona subpullata"
  },
  {
    "sourceScientificName": "Araniella yaginumai"
  },
  {
    "sourceScientificName": "Parasteatoda ducta"
  },
  {
    "sourceScientificName": "Ischnothyreus narutomii"
  },
  {
    "sourceScientificName": "Ebrechtella tricuspidata (Fabricius, 1775)"
  },
  {
    "sourceScientificName": "Zosis geniculata Olivier, 1789"
  },
  {
    "sourceScientificName": "Aoaraneus pentagrammicus (Karsch, 1879)"
  },
  {
    "sourceScientificName": "Neoscona theisi Walckenaer, 1842"
  },
  {
    "sourceScientificName": "Xysticus croceus Fox, 1937"
  },
  {
    "sourceScientificName": "Doosia japonica Kishida, 1940"
  },
  {
    "sourceScientificName": "Opopaea"
  },
  {
    "sourceScientificName": "Chrysso scintillans (Thorell, 1895)"
  },
  {
    "sourceScientificName": "Physocyclus globosus (Taczanowski, 1874)"
  },
  {
    "sourceScientificName": "Leucauge wulingensis Song & Zhu, 1992"
  },
  {
    "sourceScientificName": "Chrysso urbasae (Tikader, 1970)"
  },
  {
    "sourceScientificName": "Plebs astridae Strand, 1917"
  },
  {
    "sourceScientificName": "Nilus phipsoni (F. O. Pickard-Cambridge, 1898)"
  },
  {
    "sourceScientificName": "Cyrtarachne bufo (Bösenberg & Strand, 1906)"
  },
  {
    "sourceScientificName": "Phintella linea Karsch, 1879"
  },
  {
    "sourceScientificName": "Arachnura melanura Simon, 1867"
  },
  {
    "sourceScientificName": "Miagrammopes orientalis Bösenberg & Strand, 1906"
  },
  {
    "sourceScientificName": "Neoscona scylloides (Bösenberg & Strand, 1906)"
  },
  {
    "sourceScientificName": "Shaanxinus curviductus Lin, 2019"
  },
  {
    "sourceScientificName": "Shaanxinus makauyensis Lin, 2019"
  },
  {
    "sourceScientificName": "Shaanxinus magniclypeus Lin, 2019"
  },
  {
    "sourceScientificName": "Shaanxinus hehuanensis Lin, 2019"
  },
  {
    "sourceScientificName": "Shaanxinus hirticephalus Lin, 2019"
  },
  {
    "sourceScientificName": "Shaanxinus atayal Lin, 2019"
  },
  {
    "sourceScientificName": "Dexippus"
  },
  {
    "sourceScientificName": "Shaanxinus tsou Lin, 2019"
  },
  {
    "sourceScientificName": "Brignoliella tao Ballarin & Yamasaki, 2021"
  },
  {
    "sourceScientificName": "Idioctis Koch, 1874"
  },
  {
    "sourceScientificName": "Shaanxinus shihchoensis Lin, 2019"
  },
  {
    "sourceScientificName": "Shaanxinus seediq Lin, 2019"
  },
  {
    "sourceScientificName": "Shaanxinus shoukaensis Lin, 2019"
  },
  {
    "sourceScientificName": "Macrothele taiwanensis Shimojana & Haupt, 1998"
  },
  {
    "sourceScientificName": "Psechrus clavis Bayer, 2012"
  },
  {
    "sourceScientificName": "Latouchia"
  },
  {
    "sourceScientificName": "Rhomphaea sagana Dönitz & Strand, 1906"
  },
  {
    "sourceScientificName": "Faiditus xiphias (Thorell, 1887)"
  },
  {
    "sourceScientificName": "Macrothele holsti Pocock, 1901"
  },
  {
    "sourceScientificName": "Shaanxinus mingchihensis Lin, 2019"
  },
  {
    "sourceScientificName": "Pholcus pingtung Huber & Dimitrov, 2014"
  },
  {
    "sourceScientificName": "Spheropistha nigroris (Yoshida, Tso & Severinghaus, 2000)"
  },
  {
    "sourceScientificName": "Argyrodes miniaceus Doleschall, 1857"
  },
  {
    "sourceScientificName": "Chrysilla lauta Thorell, 1887"
  },
  {
    "sourceScientificName": "Argyrodes lanyuensis Yoshida, Tso & Severinghaus, 1998"
  },
  {
    "sourceScientificName": "Argyrodes kumadai Chida & Tanikawa, 1999"
  },
  {
    "sourceScientificName": "Pholcus fragillimus Strand, 1907"
  },
  {
    "sourceScientificName": "Belisana"
  },
  {
    "sourceScientificName": "Pholcus chengpoi Huber & Dimitrov, 2014"
  },
  {
    "sourceScientificName": "Shaanxinus lixiangae Lin, 2019"
  },
  {
    "sourceScientificName": "Pardosa jambaruensis Tanaka, 1990"
  },
  {
    "sourceScientificName": "Pholcus spilis Zhu & Gong, 1991"
  },
  {
    "sourceScientificName": "Uthina luzonica Simon, 1893"
  },
  {
    "sourceScientificName": "Shaanxinus meifengensis Lin, 2019"
  },
  {
    "sourceScientificName": "Theraphosidae"
  },
  {
    "sourceScientificName": "Gea"
  },
  {
    "sourceScientificName": "Portia fimbriata"
  },
  {
    "sourceScientificName": "Philoponella prominens"
  },
  {
    "sourceScientificName": "Grandilithus"
  },
  {
    "sourceScientificName": "Spartaeus ellipticus"
  },
  {
    "sourceScientificName": "Cyclosa omonaga"
  },
  {
    "sourceScientificName": "Thyene imperialis (Rossi, 1846)"
  },
  {
    "sourceScientificName": "Dolomedes mizhoanus Kishida, 1936"
  },
  {
    "sourceScientificName": "Phlogiellus watasei (Kishida, 1920)"
  },
  {
    "sourceScientificName": "Takayus takayensis (Saitō, 1939)"
  },
  {
    "sourceScientificName": "Heteropoda simplex Jäger&Ono, 2000"
  },
  {
    "sourceScientificName": "Campanicola chitouensis"
  },
  {
    "sourceScientificName": "Campanicola tanakai"
  },
  {
    "sourceScientificName": "Diphysa americana (Mill.) M. Sousa"
  },
  {
    "sourceScientificName": "Phaeacius"
  },
  {
    "sourceScientificName": "Pardosa jambaruensis"
  },
  {
    "sourceScientificName": "Neriene fusca"
  },
  {
    "sourceScientificName": "Enielkenie acaroides Ono, 2006"
  },
  {
    "sourceScientificName": "Mysmena taiwanica Ono, 2006"
  },
  {
    "sourceScientificName": "Rhene rubrigera (Thorell, 1887)"
  },
  {
    "sourceScientificName": "Philoponella"
  },
  {
    "sourceScientificName": "Anelosimus crassipes (Bösenberg & Strand, 1906)"
  },
  {
    "sourceScientificName": "Himalaphantes"
  },
  {
    "sourceScientificName": "Oedothorax Bertkau, in Förster & Bertkau, 1883"
  },
  {
    "sourceScientificName": "Mimetidae"
  },
  {
    "sourceScientificName": "Pancorius"
  },
  {
    "sourceScientificName": "Mimetus ryukyus Yoshida, 1993"
  },
  {
    "sourceScientificName": "Meta"
  },
  {
    "sourceScientificName": "Anepsion depressium (Thorell, 1877)"
  },
  {
    "sourceScientificName": "Mimetus"
  },
  {
    "sourceScientificName": "Argiope ocula Fox, 1938"
  },
  {
    "sourceScientificName": "Spheropistha"
  },
  {
    "sourceScientificName": "Ariamnes"
  },
  {
    "sourceScientificName": "Cyrtarachne akirai Tanikawa, 2013"
  },
  {
    "sourceScientificName": "Cyrtophora unicolor Doleschall, 1857"
  },
  {
    "sourceScientificName": "Thelcticopis severa L. Koch, 1875"
  },
  {
    "sourceScientificName": "Harmochirus brachiatus (Thorell, 1877)"
  },
  {
    "sourceScientificName": "Smeringopus pallidus Blackwall, 1858"
  },
  {
    "sourceScientificName": "Menemerus fulvus L. Koch, 1878"
  },
  {
    "sourceScientificName": "Pasilobus bufoninus Simon, 1867"
  },
  {
    "sourceScientificName": "Evarcha crassipes Prószyn, 1971"
  },
  {
    "sourceScientificName": "Olios scalptor Jaeger & Ono, 2001"
  },
  {
    "sourceScientificName": "Bowie yassassin Jäger, 2022"
  },
  {
    "sourceScientificName": "Psechrus kenting Yoshida, 2009"
  },
  {
    "sourceScientificName": "Heteropoda zuviele Jäger, 2008"
  },
  {
    "sourceScientificName": "Lysiteles silvanus Ono, 1980"
  },
  {
    "sourceScientificName": "Pireneitega taiwanensis (Wang & Ono, 1998)"
  },
  {
    "sourceScientificName": "Jotus munitus Bösenberg & Strand, 1906"
  },
  {
    "sourceScientificName": "Lysiteles amoenus Ono, 1980"
  },
  {
    "sourceScientificName": "Olios japonicus Jäger & Ono, 2000"
  },
  {
    "sourceScientificName": "Tmarus taiwanus Ono, 1977"
  },
  {
    "sourceScientificName": "Leucauge taiwanica Yoshida, 2009"
  },
  {
    "sourceScientificName": "Ebrechtella pseudovatia (Schenkel, 1936)"
  },
  {
    "sourceScientificName": "Hersilia taiwanensis"
  },
  {
    "sourceScientificName": "Belisana junkoae (Irie, 1997)"
  },
  {
    "sourceScientificName": "Macrothele gigas Shimojana & Haupt, 1998"
  },
  {
    "sourceScientificName": "Argyrodes fissifrons O.P.Cambridge, 1869"
  },
  {
    "sourceScientificName": "Lycosa coelestis L. Koch, 1878"
  },
  {
    "sourceScientificName": "Cyrtophora ikomosanensis (Bösenberg & Strand, 1906)"
  },
  {
    "sourceScientificName": "Oxyopes striagatus Song, 1991"
  },
  {
    "sourceScientificName": "Myrmarachne formosana Saito, 1933"
  },
  {
    "sourceScientificName": "Pancorius crassipes (Karsch, 1881)"
  },
  {
    "sourceScientificName": "Myrmarachne japonica Karsch, 1879"
  },
  {
    "sourceScientificName": "Cyrtarachne schmidi Tikader, 1963"
  },
  {
    "sourceScientificName": "Rhene atrata Karsch, 1881"
  },
  {
    "sourceScientificName": "Iwogumoa tengchihensis"
  },
  {
    "sourceScientificName": "Iwogumoa xinhuiensis"
  },
  {
    "sourceScientificName": "Lipocrea fusiformis"
  },
  {
    "sourceScientificName": "Argiope amoena"
  },
  {
    "sourceScientificName": "Anahita maolan"
  },
  {
    "sourceScientificName": "Arctosa laminata"
  },
  {
    "sourceScientificName": "Eutittha insulana"
  },
  {
    "sourceScientificName": "Episinus nubilus"
  },
  {
    "sourceScientificName": "Evarcha flavocincta"
  },
  {
    "sourceScientificName": "Gnaphosa kompirensis"
  },
  {
    "sourceScientificName": "Lysiteles silvanus"
  },
  {
    "sourceScientificName": "Mallinella fulvipes"
  },
  {
    "sourceScientificName": "Mimetus ryukyus"
  },
  {
    "sourceScientificName": "Perenethis venusta"
  },
  {
    "sourceScientificName": "Phintella bifurcilinea"
  },
  {
    "sourceScientificName": "Phycosoma nigromaculatum"
  },
  {
    "sourceScientificName": "Platnickina mneon"
  },
  {
    "sourceScientificName": "Psechrus clavis"
  },
  {
    "sourceScientificName": "Scytodes thoracica"
  },
  {
    "sourceScientificName": "Tetragnatha chauliodus"
  },
  {
    "sourceScientificName": "Tetragnatha esakii"
  },
  {
    "sourceScientificName": "Tetragnatha lauta"
  },
  {
    "sourceScientificName": "Theridion xianfengense"
  },
  {
    "sourceScientificName": "Tylorida mengla"
  },
  {
    "sourceScientificName": "Angaeus"
  },
  {
    "sourceScientificName": "Araniella"
  },
  {
    "sourceScientificName": "Bahia dissecta (A. Gray) Britton"
  },
  {
    "sourceScientificName": "Nidorella sp."
  },
  {
    "sourceScientificName": "Asceua japonica"
  },
  {
    "sourceScientificName": "Atypus karschi"
  },
  {
    "sourceScientificName": "Psechrus sinensis"
  },
  {
    "sourceScientificName": "Oecobiidae"
  },
  {
    "sourceScientificName": "Cyclosa sedeculata"
  },
  {
    "sourceScientificName": "Nyssa caroliniana Poir."
  },
  {
    "sourceScientificName": "Nyssa"
  },
  {
    "sourceScientificName": "Nyssa sylvatica Marshall"
  },
  {
    "sourceScientificName": "Nyssa shweliensis (W.W. Sm.) Airy Shaw"
  },
  {
    "sourceScientificName": "Pireneitega taiwanensis"
  },
  {
    "sourceScientificName": "Macrothele holsti"
  },
  {
    "sourceScientificName": "Scytodidae"
  },
  {
    "sourceScientificName": "Chrysso urbasae"
  },
  {
    "sourceScientificName": "Phrurolithidae"
  },
  {
    "sourceScientificName": "Phycosoma"
  },
  {
    "sourceScientificName": "Selenops"
  },
  {
    "sourceScientificName": "Anelosimus taiwanicus"
  },
  {
    "sourceScientificName": "Marpissa pulla"
  },
  {
    "sourceScientificName": "Selenopidae"
  },
  {
    "sourceScientificName": "Metleucauge"
  },
  {
    "sourceScientificName": "Oxyopes fujianicus"
  },
  {
    "sourceScientificName": "Leptopholcus"
  },
  {
    "sourceScientificName": "Nyssa biflora Walter"
  },
  {
    "sourceScientificName": "Theridion xianfengense Zhu & Song, 1992"
  },
  {
    "sourceScientificName": "Olios colombianus"
  },
  {
    "sourceScientificName": "Leucauge magnifica"
  },
  {
    "sourceScientificName": "Itatsina praticola"
  },
  {
    "sourceScientificName": "Uncinia uncinata (L. f.) Kük."
  },
  {
    "sourceScientificName": "Octonoba lanyuensis Yoshida, 2012"
  },
  {
    "sourceScientificName": "Coelotes tengchihensis Wang & Ono, 1998"
  },
  {
    "sourceScientificName": "Cyclosa argenteoalba Bösenberg & Strand, 1906"
  },
  {
    "sourceScientificName": "Dipoena flavomarginate Bösenberg & Strand, 1906"
  },
  {
    "sourceScientificName": "Clubiona kurosawai Ono, 1986"
  },
  {
    "sourceScientificName": "Achaearanea lanyuensis Yoshida, Tso & Severinghaus, 2000"
  },
  {
    "sourceScientificName": "Cyclosa koi Tanikawa & Ono, 1993"
  },
  {
    "sourceScientificName": "Ulesanis nasutus (O. Pickard-Cambridge, 1873)"
  },
  {
    "sourceScientificName": "Alcimochthes limbatus Simon, 1885"
  },
  {
    "sourceScientificName": "Coelotes montivagus Wang & Ono, 1998"
  },
  {
    "sourceScientificName": "Uloborus formosanus Yoshida, 2012"
  },
  {
    "sourceScientificName": "Chrosiothes fulvus Yoshida, Tso & Severinghaus, 2000"
  },
  {
    "sourceScientificName": "Paracoelotes taiwanensis Wang & Ono, 1998"
  },
  {
    "sourceScientificName": "Xysticus chui Ono, 1992"
  },
  {
    "sourceScientificName": "Pseudopoda recta Jaeger & Ono, 2001"
  },
  {
    "sourceScientificName": "Plebs plumiopedellus (Yin, Wang & Zhang, 1987)"
  },
  {
    "sourceScientificName": "Cyrtarachne nagasakiensis Strand, 1918"
  },
  {
    "sourceScientificName": "Cyphalonotus variabilis Yu, Kuntner & Cheng, 2022"
  },
  {
    "sourceScientificName": "Cyclosa vallata"
  },
  {
    "sourceScientificName": "Toxeus latithoracicus (Yamasaki & Huang, 2012)"
  },
  {
    "sourceScientificName": "Pancorius magnus Zabka, 1985"
  },
  {
    "sourceScientificName": "Agelena limbata"
  },
  {
    "sourceScientificName": "Bavia"
  },
  {
    "sourceScientificName": "Hersilia asiatica Song & Zheng, 1982"
  },
  {
    "sourceScientificName": "Angaeus rhombifer Thorell, 1890"
  },
  {
    "sourceScientificName": "Paraplectana tsushimensis Yamaguchi, 1960"
  },
  {
    "sourceScientificName": "Argyrodes flavescens O. Pickard-Cambridge, 1880"
  },
  {
    "sourceScientificName": "Runcinia insecta (L. Koch, 1875)"
  },
  {
    "sourceScientificName": "Leucauge crucinota (Bösenberg & Strand, 1906 )"
  },
  {
    "sourceScientificName": "Chrysso trimaculata Zhu, Zhang & Xu, 1991"
  },
  {
    "sourceScientificName": "Epocilla calcarata (Karsch, 1880)"
  },
  {
    "sourceScientificName": "Neriene fusca Oi, 1960"
  },
  {
    "sourceScientificName": "Cyclosa ginnaga Yaginuma, 1959"
  },
  {
    "sourceScientificName": "Burmattus albopunctatus (Thorell, 1895)"
  },
  {
    "sourceScientificName": "Metleucauge kompirensis (Bösenberg & Strand, 1906)"
  },
  {
    "sourceScientificName": "Tetragnatha mandibulata Walckenaer, 1842"
  },
  {
    "sourceScientificName": "Miagrammopes oblongus Yoshida, 1982"
  },
  {
    "sourceScientificName": "Plexippoides guangxi (Peng & Li, 2002)"
  },
  {
    "sourceScientificName": "Nurscia albofasciata Strand, 1907"
  },
  {
    "sourceScientificName": "Mastira bipunctata Thorell, 1891"
  },
  {
    "sourceScientificName": "Lariniaria argiopiformis (Bösenberg & Strand, 1906)"
  },
  {
    "sourceScientificName": "Leptopholcus huongson Huber, 2011"
  },
  {
    "sourceScientificName": "Gnaphosa kompirensis Bösenberg & Strand, 1906"
  },
  {
    "sourceScientificName": "Metleucauge chikunii Tanikawa, 1992"
  },
  {
    "sourceScientificName": "Cyclosa omonaga Tanikawa, 1992"
  },
  {
    "sourceScientificName": "Coelotes xinhuiensis Chen, 1984"
  },
  {
    "sourceScientificName": "Cyclosa argentata Tanikawa & Ono, 1993"
  },
  {
    "sourceScientificName": "Mysmena taiwanica Ono, Chang & Tso, 2007"
  },
  {
    "sourceScientificName": "Pseudopoda serrata Jaeger & Ono, 2001"
  },
  {
    "sourceScientificName": "Trachelas taiwanicus Hayashi & Yoshida, 1993"
  },
  {
    "sourceScientificName": "Coelotes ensifer Wang & Ono, 1998"
  },
  {
    "sourceScientificName": "Chrysso caudigera Yoshida, 1993"
  },
  {
    "sourceScientificName": "Episinus makiharai Okuma, 1994"
  },
  {
    "sourceScientificName": "Cyclosa formosana Tanikawa & Ono, 1993"
  },
  {
    "sourceScientificName": "Diphya taiwanica Tanikawa, 1995"
  },
  {
    "sourceScientificName": "Chrysso orchis Yoshida, Tso & Severinghaus, 2000"
  },
  {
    "sourceScientificName": "Phrurolithus taiwanicus Hayashi & Yoshida, 1993"
  },
  {
    "sourceScientificName": "Araneus roseomaculatus Ono, 1992"
  },
  {
    "sourceScientificName": "Misumenops japonicus (Boes.et Str.)"
  },
  {
    "sourceScientificName": "Anelosimus taiwanicus Yoshida, 1986"
  },
  {
    "sourceScientificName": "Oxytate hoshizuna Ono, 1978"
  },
  {
    "sourceScientificName": "Zelotes asiaticus (Bösenberg & Strand, 1906)"
  },
  {
    "sourceScientificName": "Clubiona taiwanica Ono, 1994"
  },
  {
    "sourceScientificName": "Clubiona yaginumai Hayashi, 1989"
  },
  {
    "sourceScientificName": "Zelotes nishikawai Kamura, 2010"
  },
  {
    "sourceScientificName": "Ctenus yaeyamensis Yoshida, 1998"
  },
  {
    "sourceScientificName": "Clubiona insulana Ono, 1989"
  },
  {
    "sourceScientificName": "Drassodes serratidens Schenkel, 1963"
  },
  {
    "sourceScientificName": "Takachihoa truciformis (Bösenberg & Strand, 1906)"
  },
  {
    "sourceScientificName": "Clubiona kayashimai Ono, 1994"
  },
  {
    "sourceScientificName": "Octonoba albicola Yoshida, 2012"
  },
  {
    "sourceScientificName": "Boliscus tuberculatus (Simon, 1886)"
  },
  {
    "sourceScientificName": "Moneta spiniger Okuma, 1994"
  },
  {
    "sourceScientificName": "Coelotes yushanensis Wang & Ono, 1998"
  },
  {
    "sourceScientificName": "Cyclosa shinoharai Tanikawa & Ono, 1993"
  },
  {
    "sourceScientificName": "Clubiona tanikawai Ono, 1989"
  },
  {
    "sourceScientificName": "Argyrodes nigroris Yoshida, Tso & Severinghaus, 2000"
  },
  {
    "sourceScientificName": "Chrosiothes taiwan Yoshida, Tso & Severinghaus, 2000"
  },
  {
    "sourceScientificName": "Clubiona bonicula Ono, 1994"
  },
  {
    "sourceScientificName": "Latrodectus elegans Thorell, 1898"
  },
  {
    "sourceScientificName": "Callitrichia formosana Oi, 1977"
  },
  {
    "sourceScientificName": "Clubiona kuanshanensis Ono"
  },
  {
    "sourceScientificName": "Thomisus okinawensis Strand, 1907"
  },
  {
    "sourceScientificName": "Episinus yoshidai Okuma, 1994"
  },
  {
    "sourceScientificName": "Cyclosa vallata Keyserling, 1886"
  },
  {
    "sourceScientificName": "Clubiona asrevida Ono, 1992"
  },
  {
    "sourceScientificName": "Coelotes edentulus Wang & Ono, 1998"
  },
  {
    "sourceScientificName": "Coelotes labiatus Wang & Ono, 1998"
  },
  {
    "sourceScientificName": "Coelotes platnicki Wang & Ono, 1998"
  },
  {
    "sourceScientificName": "Metleucauge davidi (Schenkel, 1963)"
  },
  {
    "sourceScientificName": "Clubiona deletrix O.P. Cambridge, 1885"
  },
  {
    "sourceScientificName": "Octonoba kentingensis Yoshida, 2012"
  },
  {
    "sourceScientificName": "Runcinia albostriata Bösenberg & Strand, 1906"
  },
  {
    "sourceScientificName": "Ulesanis ryukyuensis (Yoshida, 1979)"
  },
  {
    "sourceScientificName": "Enielkenie acaroides Ono, 2007"
  },
  {
    "sourceScientificName": "Carniella tsurui Ono, 2007"
  },
  {
    "sourceScientificName": "Pholcomma nigromaculatum Yoshida, 1987"
  },
  {
    "sourceScientificName": "Episinus affinis Bösenberg & Strand, 1906"
  },
  {
    "sourceScientificName": "Euagrus"
  },
  {
    "sourceScientificName": "Philoponella nigromaculata Yoshida, 1992"
  },
  {
    "sourceScientificName": "Cyclosa quinqueguttata Thorell, 1881"
  },
  {
    "sourceScientificName": "Achaearanea quadrimaculata Yoshida, Tso & Severinghaus, 2000"
  },
  {
    "sourceScientificName": "Oxyopes hasta Lo, Cheng & Lin, 2021"
  },
  {
    "sourceScientificName": "Turinyphia yunohamensis (Bösenberg & Strand, 1906)"
  },
  {
    "sourceScientificName": "Neoscona vigilans Blackwall, 1865"
  },
  {
    "sourceScientificName": "Theridiosomatidae"
  },
  {
    "sourceScientificName": "Anapidae"
  },
  {
    "sourceScientificName": "Mysmenidae"
  },
  {
    "sourceScientificName": "Leptonetidae"
  },
  {
    "sourceScientificName": "Ctenidae"
  },
  {
    "sourceScientificName": "Nephilidae"
  },
  {
    "sourceScientificName": "Nesticidae"
  },
  {
    "sourceScientificName": "Hypsosinga pygmaea Sundevall, 1831"
  },
  {
    "sourceScientificName": "Anahita fauna Karsch, 1879"
  },
  {
    "sourceScientificName": "Tylorida striata (Thorell, 1877)"
  },
  {
    "sourceScientificName": "Myrmarachne inermichelis Bösenberg & Strand, 1906"
  },
  {
    "sourceScientificName": "Hersilia striata Wang & Yin, 1985"
  },
  {
    "sourceScientificName": "Argiope amoena L. Koch, 1878"
  },
  {
    "sourceScientificName": "Agelena tungchis Lee, 1998"
  },
  {
    "sourceScientificName": "Phrynarachne katoi Chikuni, 1955"
  },
  {
    "sourceScientificName": "Hamataliwa foveata Tang & Li, 2012"
  },
  {
    "sourceScientificName": "Bristowia heterospinosa Reimoser, 1934"
  },
  {
    "sourceScientificName": "Epeus bicuspidatus (Song, Gu & Chen, 1988)"
  },
  {
    "sourceScientificName": "Psechrus sinensis Berland & Berland, 1914"
  },
  {
    "sourceScientificName": "Pholcus otomi Huber, 2011"
  },
  {
    "sourceScientificName": "Octonoba varians (Bösenberg & Strand, 1906)"
  },
  {
    "sourceScientificName": "Portia fimbriata (Doleschall, 1859)"
  },
  {
    "sourceScientificName": "Cladothela parva Kamura, 1991"
  },
  {
    "sourceScientificName": "Tetragnatha nitens (Audouin, 1826)"
  },
  {
    "sourceScientificName": "Chrysso foliata L. Koch, 1878"
  },
  {
    "sourceScientificName": "Araneus ventricosus L. Koch, 1878"
  },
  {
    "sourceScientificName": "Tylorida tianlin Zhu et al., 2003"
  },
  {
    "sourceScientificName": "Parasteatoda quadrimaculata (Yoshida, Tso & Severinghaus, 2000)"
  },
  {
    "sourceScientificName": "Neoscona nautica L. Koch, 1875"
  },
  {
    "sourceScientificName": "Leucauge fastigata (Simon, 1877)"
  },
  {
    "sourceScientificName": "Matidia spatulata Chen & Huang, 2006"
  },
  {
    "sourceScientificName": "Tetragnatha keyserlingi Simon, 1890"
  },
  {
    "sourceScientificName": "Argyrodes bonadea Karsch, 1881"
  },
  {
    "sourceScientificName": "Evarcha flavocincta (C. L. Koch, 1846)"
  },
  {
    "sourceScientificName": "Ordgarius hobsoni (O. Pickard-Cambridge, 1877)"
  },
  {
    "sourceScientificName": "Artema atlanta Walckenaer, 1837"
  },
  {
    "sourceScientificName": "Mallinella fulvipes (Ono & Tanikawa, 1990)"
  },
  {
    "sourceScientificName": "Loxosceles rufescens Dufour, 1820"
  },
  {
    "sourceScientificName": "Oxyopes fujianicus Song & Zhu, 1993"
  },
  {
    "sourceScientificName": "Wadicosa fidelis O. P.-Cambridge, 1872"
  },
  {
    "sourceScientificName": "Scytodes pallida Doleschall, 1859"
  },
  {
    "sourceScientificName": "Neoscona adianta Walckenaer, 1802"
  },
  {
    "sourceScientificName": "Metleucauge kompirensis"
  },
  {
    "sourceScientificName": "Mendoza"
  },
  {
    "sourceScientificName": "Ocrisiona"
  },
  {
    "sourceScientificName": "Octonoba spinosa"
  },
  {
    "sourceScientificName": "Agelena"
  },
  {
    "sourceScientificName": "Latrodectus elegans"
  },
  {
    "sourceScientificName": "Latrodectus"
  },
  {
    "sourceScientificName": "Latrodectus geometricus"
  },
  {
    "sourceScientificName": "Mesida"
  },
  {
    "sourceScientificName": "Oedignatha scrobiculata"
  },
  {
    "sourceScientificName": "Bavia aericeps"
  },
  {
    "sourceScientificName": "Pristidia ramosa"
  },
  {
    "sourceScientificName": "Clubiona femorocalcarata"
  },
  {
    "sourceScientificName": "Clubiona tanikawai"
  },
  {
    "sourceScientificName": "Acusilas coccineus"
  },
  {
    "sourceScientificName": "Arachnura logio"
  },
  {
    "sourceScientificName": "Borboropactus"
  },
  {
    "sourceScientificName": "Monaeses aciculus"
  },
  {
    "sourceScientificName": "Cyrtophora cylindroides"
  },
  {
    "sourceScientificName": "Chorizopes"
  },
  {
    "sourceScientificName": "Phycosoma flavomarginatum"
  },
  {
    "sourceScientificName": "Metleucauge davidi"
  },
  {
    "sourceScientificName": "Cosmophasis"
  },
  {
    "sourceScientificName": "Dictis striatipes"
  },
  {
    "sourceScientificName": "Ordgarius"
  },
  {
    "sourceScientificName": "Loxosceles rufescens"
  },
  {
    "sourceScientificName": "Philoponella nigromaculata"
  },
  {
    "sourceScientificName": "Neoscona theisi"
  },
  {
    "sourceScientificName": "Lycosa boninensis"
  },
  {
    "sourceScientificName": "Marpissa"
  },
  {
    "sourceScientificName": "Allagelena"
  },
  {
    "sourceScientificName": "Bristowia heterospinosa"
  },
  {
    "sourceScientificName": "Cyclosa shinoharai"
  },
  {
    "sourceScientificName": "Sinopoda"
  },
  {
    "sourceScientificName": "Dictyna"
  },
  {
    "sourceScientificName": "Enoplognatha"
  },
  {
    "sourceScientificName": "Siler"
  },
  {
    "sourceScientificName": "Leucauge taiwanica"
  },
  {
    "sourceScientificName": "Nesticodes"
  },
  {
    "sourceScientificName": "Tetragnatha javana"
  },
  {
    "sourceScientificName": "Artema atlanta"
  },
  {
    "sourceScientificName": "Miturgidae"
  },
  {
    "sourceScientificName": "Plebs plumiopedellus"
  },
  {
    "sourceScientificName": "Spermophora senoculata"
  },
  {
    "sourceScientificName": "Atypidae"
  },
  {
    "sourceScientificName": "Coleosoma blandum"
  },
  {
    "sourceScientificName": "Leucauge wulingensis"
  },
  {
    "sourceScientificName": "Plexippoides guangxi"
  },
  {
    "sourceScientificName": "Atypus"
  },
  {
    "sourceScientificName": "Asemonea tanikawai"
  },
  {
    "sourceScientificName": "Thyene imperialis"
  },
  {
    "sourceScientificName": "Mallinella shimojanai"
  },
  {
    "sourceScientificName": "Phlogiellus watasei"
  },
  {
    "sourceScientificName": "Clubiona kurosawai"
  },
  {
    "sourceScientificName": "Mysmena"
  },
  {
    "sourceScientificName": "Iwogumoa"
  },
  {
    "sourceScientificName": "Mastira flavens"
  },
  {
    "sourceScientificName": "Campanicola ferrumequina"
  },
  {
    "sourceScientificName": "Hypsosinga pygmaea"
  },
  {
    "sourceScientificName": "Tmarus lanyu"
  },
  {
    "sourceScientificName": "Leucauge subblanda"
  },
  {
    "sourceScientificName": "Pholcus phalangioides"
  },
  {
    "sourceScientificName": "Bothriocyrtum"
  },
  {
    "sourceScientificName": "Allagelena opulenta"
  },
  {
    "sourceScientificName": "Alcimochthes limbatus"
  },
  {
    "sourceScientificName": "Smeringopus"
  },
  {
    "sourceScientificName": "Argiope chloreis"
  },
  {
    "sourceScientificName": "Loxobates daitoensis"
  },
  {
    "sourceScientificName": "Mutellina purpurea (Poir.) Reduron, Charpin & Pimenov"
  },
  {
    "sourceScientificName": "Nyssa javanica Wangerin"
  },
  {
    "sourceScientificName": "Nyssa shweliensis (W.W.Sm.) Airy Shaw"
  },
  {
    "sourceScientificName": "Portea kermesina K.Koch"
  },
  {
    "sourceScientificName": "Matisia cordata Humb. & Bonpl."
  },
  {
    "sourceScientificName": "× Aranda 'Noorah Alsagoff Blue'"
  },
  {
    "sourceScientificName": "Acrachne racemosa Ohwi"
  },
  {
    "sourceScientificName": "Evia"
  },
  {
    "sourceScientificName": "Portea alatisepala Philcox"
  },
  {
    "sourceScientificName": "Nidorella aegyptiaca (L.) J. C. Manning & Goldblatt"
  },
  {
    "sourceScientificName": "Euryops chrysanthemoides (DC.) B. Nord."
  },
  {
    "sourceScientificName": "Diclis ovata Benth."
  },
  {
    "sourceScientificName": "Mesida yini"
  },
  {
    "sourceScientificName": "Tetragnatha caudicula"
  },
  {
    "sourceScientificName": "Euagrus formosanus"
  },
  {
    "sourceScientificName": "Xysticus chui"
  },
  {
    "sourceScientificName": "Prochora praticola"
  },
  {
    "sourceScientificName": "Hippasa agelenoides"
  },
  {
    "sourceScientificName": "Asceua"
  },
  {
    "sourceScientificName": "Phrurolithus claripes"
  },
  {
    "sourceScientificName": "Diaea"
  },
  {
    "sourceScientificName": "Pireneitega"
  },
  {
    "sourceScientificName": "Tetragnatha hiroshii"
  },
  {
    "sourceScientificName": "Alenatea fuscocolorata"
  },
  {
    "sourceScientificName": "Cheiracanthium antungense"
  },
  {
    "sourceScientificName": "Myrmarachne angusta"
  },
  {
    "sourceScientificName": "Icius"
  },
  {
    "sourceScientificName": "Metellina ornata"
  },
  {
    "sourceScientificName": "Mesida gemmea"
  },
  {
    "sourceScientificName": "Ebrechtella forcipata"
  },
  {
    "sourceScientificName": "Uloborus formosanus"
  },
  {
    "sourceScientificName": "Ariadna"
  },
  {
    "sourceScientificName": "Loxobates"
  },
  {
    "sourceScientificName": "Trachelas"
  },
  {
    "sourceScientificName": "Molione"
  },
  {
    "sourceScientificName": "Femoracoelotes platnicki"
  },
  {
    "sourceScientificName": "Epocilla"
  },
  {
    "sourceScientificName": "Cyphalonotus"
  },
  {
    "sourceScientificName": "Monaeses"
  },
  {
    "sourceScientificName": "Takachihoa"
  },
  {
    "sourceScientificName": "Anyphaena wuyi"
  },
  {
    "sourceScientificName": "Chrysso caudigera"
  },
  {
    "sourceScientificName": "Synema nangoku"
  },
  {
    "sourceScientificName": "Filistatidae"
  },
  {
    "sourceScientificName": "Anepsion"
  },
  {
    "sourceScientificName": "Latrodectus hasselti"
  },
  {
    "sourceScientificName": "Clubiona moralis"
  },
  {
    "sourceScientificName": "Moneta yoshimurai"
  },
  {
    "sourceScientificName": "Miagrammopes oblongus"
  },
  {
    "sourceScientificName": "Tmarus longqicus"
  },
  {
    "sourceScientificName": "Meotipa pulcherrima"
  },
  {
    "sourceScientificName": "Zebraplatys"
  },
  {
    "sourceScientificName": "Nurscia"
  },
  {
    "sourceScientificName": "Hypsosinga sanguinea"
  },
  {
    "sourceScientificName": "Grandilithus lynx"
  },
  {
    "sourceScientificName": "Chinattus"
  },
  {
    "sourceScientificName": "Arctosa"
  },
  {
    "sourceScientificName": "Dictyna felis"
  },
  {
    "sourceScientificName": "Enoplognatha caricis"
  },
  {
    "sourceScientificName": "Ctenus"
  },
  {
    "sourceScientificName": "Trochosa ruricoloides"
  },
  {
    "sourceScientificName": "Cyclosa monticola"
  },
  {
    "sourceScientificName": "Thanatus"
  },
  {
    "sourceScientificName": "Nesticodes rufipes"
  },
  {
    "sourceScientificName": "Cyclosa argenteoalba"
  },
  {
    "sourceScientificName": "Ero"
  },
  {
    "sourceScientificName": "Dipoena"
  },
  {
    "sourceScientificName": "Philodromus subaureolus"
  },
  {
    "sourceScientificName": "Castianeira"
  },
  {
    "sourceScientificName": "Oxyopes sushilae"
  },
  {
    "sourceScientificName": "Philodromus spinitarsis"
  },
  {
    "sourceScientificName": "Burmattus"
  },
  {
    "sourceScientificName": "Cyrtarachne akirai"
  },
  {
    "sourceScientificName": "Episinus affinis"
  },
  {
    "sourceScientificName": "Pycnaxis onoi"
  },
  {
    "sourceScientificName": "Psechrus kenting"
  },
  {
    "sourceScientificName": "Oedignatha platnicki"
  },
  {
    "sourceScientificName": "Lysiteles amoenus"
  },
  {
    "sourceScientificName": "Titanoecidae"
  },
  {
    "sourceScientificName": "Hylyphantes"
  },
  {
    "sourceScientificName": "Euryopis"
  },
  {
    "sourceScientificName": "Ischnothyreus"
  },
  {
    "sourceScientificName": "Leucauge argentina"
  },
  {
    "sourceScientificName": "Lathys"
  },
  {
    "sourceScientificName": "Pandava laminata Thorell, 1878"
  },
  {
    "sourceScientificName": "Yamia watasei Kishida, 1920"
  }
]